36 20
STARLINK-D-00-00
1 70001U 26001A   26200.00000000  .00000000  00000-0  00000-0 0  9997
2 70001  70.0000   0.0000 0001000   0.0000   0.0000 14.98995063    02
STARLINK-D-00-01
1 70002U 26001A   26200.00000000  .00000000  00000-0  00000-0 0  9998
2 70002  70.0000   0.0000 0001000   0.0000  18.0000 14.98995063    02
STARLINK-D-00-02
1 70003U 26001A   26200.00000000  .00000000  00000-0  00000-0 0  9999
2 70003  70.0000   0.0000 0001000   0.0000  36.0000 14.98995063    03
STARLINK-D-00-03
1 70004U 26001A   26200.00000000  .00000000  00000-0  00000-0 0  9990
2 70004  70.0000   0.0000 0001000   0.0000  54.0000 14.98995063    04
STARLINK-D-00-04
1 70005U 26001A   26200.00000000  .00000000  00000-0  00000-0 0  9991
2 70005  70.0000   0.0000 0001000   0.0000  72.0000 14.98995063    05
STARLINK-D-00-05
1 70006U 26001A   26200.00000000  .00000000  00000-0  00000-0 0  9992
2 70006  70.0000   0.0000 0001000   0.0000  90.0000 14.98995063    06
STARLINK-D-00-06
1 70007U 26001A   26200.00000000  .00000000  00000-0  00000-0 0  9993
2 70007  70.0000   0.0000 0001000   0.0000 108.0000 14.98995063    07
STARLINK-D-00-07
1 70008U 26001A   26200.00000000  .00000000  00000-0  00000-0 0  9994
2 70008  70.0000   0.0000 0001000   0.0000 126.0000 14.98995063    08
STARLINK-D-00-08
1 70009U 26001A   26200.00000000  .00000000  00000-0  00000-0 0  9995
2 70009  70.0000   0.0000 0001000   0.0000 144.0000 14.98995063    09
STARLINK-D-00-09
1 70010U 26001A   26200.00000000  .00000000  00000-0  00000-0 0  9997
2 70010  70.0000   0.0000 0001000   0.0000 162.0000 14.98995063    01
STARLINK-D-00-10
1 70011U 26001A   26200.00000000  .00000000  00000-0  00000-0 0  9998
2 70011  70.0000   0.0000 0001000   0.0000 180.0000 14.98995063    02
STARLINK-D-00-11
1 70012U 26001A   26200.00000000  .00000000  00000-0  00000-0 0  9999
2 70012  70.0000   0.0000 0001000   0.0000 198.0000 14.98995063    02
STARLINK-D-00-12
1 70013U 26001A   26200.00000000  .00000000  00000-0  00000-0 0  9990
2 70013  70.0000   0.0000 0001000   0.0000 216.0000 14.98995063    04
STARLINK-D-00-13
1 70014U 26001A   26200.00000000  .00000000  00000-0  00000-0 0  9991
2 70014  70.0000   0.0000 0001000   0.0000 234.0000 14.98995063    05
STARLINK-D-00-14
1 70015U 26001A   26200.00000000  .00000000  00000-0  00000-0 0  9992
2 70015  70.0000   0.0000 0001000   0.0000 252.0000 14.98995063    06
STARLINK-D-00-15
1 70016U 26001A   26200.00000000  .00000000  00000-0  00000-0 0  9993
2 70016  70.0000   0.0000 0001000   0.0000 270.0000 14.98995063    07
STARLINK-D-00-16
1 70017U 26001A   26200.00000000  .00000000  00000-0  00000-0 0  9994
2 70017  70.0000   0.0000 0001000   0.0000 288.0000 14.98995063    07
STARLINK-D-00-17
1 70018U 26001A   26200.00000000  .00000000  00000-0  00000-0 0  9995
2 70018  70.0000   0.0000 0001000   0.0000 306.0000 14.98995063    09
STARLINK-D-00-18
1 70019U 26001A   26200.00000000  .00000000  00000-0  00000-0 0  9996
2 70019  70.0000   0.0000 0001000   0.0000 324.0000 14.98995063    00
STARLINK-D-00-19
1 70020U 26001A   26200.00000000  .00000000  00000-0  00000-0 0  9998
2 70020  70.0000   0.0000 0001000   0.0000 342.0000 14.98995063    02
STARLINK-D-01-00
1 70021U 26001A   26200.00000000  .00000000  00000-0  00000-0 0  9999
2 70021  70.0000  10.0000 0001000   0.0000   0.5000 14.98995063    00
STARLINK-D-01-01
1 70022U 26001A   26200.00000000  .00000000  00000-0  00000-0 0  9990
2 70022  70.0000  10.0000 0001000   0.0000  18.5000 14.98995063    00
STARLINK-D-01-02
1 70023U 26001A   26200.00000000  .00000000  00000-0  00000-0 0  9991
2 70023  70.0000  10.0000 0001000   0.0000  36.5000 14.98995063    01
STARLINK-D-01-03
1 70024U 26001A   26200.00000000  .00000000  00000-0  00000-0 0  9992
2 70024  70.0000  10.0000 0001000   0.0000  54.5000 14.98995063    02
STARLINK-D-01-04
1 70025U 26001A   26200.00000000  .00000000  00000-0  00000-0 0  9993
2 70025  70.0000  10.0000 0001000   0.0000  72.5000 14.98995063    03
STARLINK-D-01-05
1 70026U 26001A   26200.00000000  .00000000  00000-0  00000-0 0  9994
2 70026  70.0000  10.0000 0001000   0.0000  90.5000 14.98995063    04
STARLINK-D-01-06
1 70027U 26001A   26200.00000000  .00000000  00000-0  00000-0 0  9995
2 70027  70.0000  10.0000 0001000   0.0000 108.5000 14.98995063    05
STARLINK-D-01-07
1 70028U 26001A   26200.00000000  .00000000  00000-0  00000-0 0  9996
2 70028  70.0000  10.0000 0001000   0.0000 126.5000 14.98995063    06
STARLINK-D-01-08
1 70029U 26001A   26200.00000000  .00000000  00000-0  00000-0 0  9997
2 70029  70.0000  10.0000 0001000   0.0000 144.5000 14.98995063    07
STARLINK-D-01-09
1 70030U 26001A   26200.00000000  .00000000  00000-0  00000-0 0  9999
2 70030  70.0000  10.0000 0001000   0.0000 162.5000 14.98995063    09
STARLINK-D-01-10
1 70031U 26001A   26200.00000000  .00000000  00000-0  00000-0 0  9990
2 70031  70.0000  10.0000 0001000   0.0000 180.5000 14.98995063    00
STARLINK-D-01-11
1 70032U 26001A   26200.00000000  .00000000  00000-0  00000-0 0  9991
2 70032  70.0000  10.0000 0001000   0.0000 198.5000 14.98995063    00
STARLINK-D-01-12
1 70033U 26001A   26200.00000000  .00000000  00000-0  00000-0 0  9992
2 70033  70.0000  10.0000 0001000   0.0000 216.5000 14.98995063    02
STARLINK-D-01-13
1 70034U 26001A   26200.00000000  .00000000  00000-0  00000-0 0  9993
2 70034  70.0000  10.0000 0001000   0.0000 234.5000 14.98995063    03
STARLINK-D-01-14
1 70035U 26001A   26200.00000000  .00000000  00000-0  00000-0 0  9994
2 70035  70.0000  10.0000 0001000   0.0000 252.5000 14.98995063    04
STARLINK-D-01-15
1 70036U 26001A   26200.00000000  .00000000  00000-0  00000-0 0  9995
2 70036  70.0000  10.0000 0001000   0.0000 270.5000 14.98995063    05
STARLINK-D-01-16
1 70037U 26001A   26200.00000000  .00000000  00000-0  00000-0 0  9996
2 70037  70.0000  10.0000 0001000   0.0000 288.5000 14.98995063    05
STARLINK-D-01-17
1 70038U 26001A   26200.00000000  .00000000  00000-0  00000-0 0  9997
2 70038  70.0000  10.0000 0001000   0.0000 306.5000 14.98995063    07
STARLINK-D-01-18
1 70039U 26001A   26200.00000000  .00000000  00000-0  00000-0 0  9998
2 70039  70.0000  10.0000 0001000   0.0000 324.5000 14.98995063    08
STARLINK-D-01-19
1 70040U 26001A   26200.00000000  .00000000  00000-0  00000-0 0  9990
2 70040  70.0000  10.0000 0001000   0.0000 342.5000 14.98995063    00
STARLINK-D-02-00
1 70041U 26001A   26200.00000000  .00000000  00000-0  00000-0 0  9991
2 70041  70.0000  20.0000 0001000   0.0000   1.0000 14.98995063    09
STARLINK-D-02-01
1 70042U 26001A   26200.00000000  .00000000  00000-0  00000-0 0  9992
2 70042  70.0000  20.0000 0001000   0.0000  19.0000 14.98995063    09
STARLINK-D-02-02
1 70043U 26001A   26200.00000000  .00000000  00000-0  00000-0 0  9993
2 70043  70.0000  20.0000 0001000   0.0000  37.0000 14.98995063    00
STARLINK-D-02-03
1 70044U 26001A   26200.00000000  .00000000  00000-0  00000-0 0  9994
2 70044  70.0000  20.0000 0001000   0.0000  55.0000 14.98995063    01
STARLINK-D-02-04
1 70045U 26001A   26200.00000000  .00000000  00000-0  00000-0 0  9995
2 70045  70.0000  20.0000 0001000   0.0000  73.0000 14.98995063    02
STARLINK-D-02-05
1 70046U 26001A   26200.00000000  .00000000  00000-0  00000-0 0  9996
2 70046  70.0000  20.0000 0001000   0.0000  91.0000 14.98995063    03
STARLINK-D-02-06
1 70047U 26001A   26200.00000000  .00000000  00000-0  00000-0 0  9997
2 70047  70.0000  20.0000 0001000   0.0000 109.0000 14.98995063    04
STARLINK-D-02-07
1 70048U 26001A   26200.00000000  .00000000  00000-0  00000-0 0  9998
2 70048  70.0000  20.0000 0001000   0.0000 127.0000 14.98995063    05
STARLINK-D-02-08
1 70049U 26001A   26200.00000000  .00000000  00000-0  00000-0 0  9999
2 70049  70.0000  20.0000 0001000   0.0000 145.0000 14.98995063    06
STARLINK-D-02-09
1 70050U 26001A   26200.00000000  .00000000  00000-0  00000-0 0  9991
2 70050  70.0000  20.0000 0001000   0.0000 163.0000 14.98995063    08
STARLINK-D-02-10
1 70051U 26001A   26200.00000000  .00000000  00000-0  00000-0 0  9992
2 70051  70.0000  20.0000 0001000   0.0000 181.0000 14.98995063    09
STARLINK-D-02-11
1 70052U 26001A   26200.00000000  .00000000  00000-0  00000-0 0  9993
2 70052  70.0000  20.0000 0001000   0.0000 199.0000 14.98995063    09
STARLINK-D-02-12
1 70053U 26001A   26200.00000000  .00000000  00000-0  00000-0 0  9994
2 70053  70.0000  20.0000 0001000   0.0000 217.0000 14.98995063    01
STARLINK-D-02-13
1 70054U 26001A   26200.00000000  .00000000  00000-0  00000-0 0  9995
2 70054  70.0000  20.0000 0001000   0.0000 235.0000 14.98995063    02
STARLINK-D-02-14
1 70055U 26001A   26200.00000000  .00000000  00000-0  00000-0 0  9996
2 70055  70.0000  20.0000 0001000   0.0000 253.0000 14.98995063    03
STARLINK-D-02-15
1 70056U 26001A   26200.00000000  .00000000  00000-0  00000-0 0  9997
2 70056  70.0000  20.0000 0001000   0.0000 271.0000 14.98995063    04
STARLINK-D-02-16
1 70057U 26001A   26200.00000000  .00000000  00000-0  00000-0 0  9998
2 70057  70.0000  20.0000 0001000   0.0000 289.0000 14.98995063    04
STARLINK-D-02-17
1 70058U 26001A   26200.00000000  .00000000  00000-0  00000-0 0  9999
2 70058  70.0000  20.0000 0001000   0.0000 307.0000 14.98995063    06
STARLINK-D-02-18
1 70059U 26001A   26200.00000000  .00000000  00000-0  00000-0 0  9990
2 70059  70.0000  20.0000 0001000   0.0000 325.0000 14.98995063    07
STARLINK-D-02-19
1 70060U 26001A   26200.00000000  .00000000  00000-0  00000-0 0  9992
2 70060  70.0000  20.0000 0001000   0.0000 343.0000 14.98995063    09
STARLINK-D-03-00
1 70061U 26001A   26200.00000000  .00000000  00000-0  00000-0 0  9993
2 70061  70.0000  30.0000 0001000   0.0000   1.5000 14.98995063    07
STARLINK-D-03-01
1 70062U 26001A   26200.00000000  .00000000  00000-0  00000-0 0  9994
2 70062  70.0000  30.0000 0001000   0.0000  19.5000 14.98995063    07
STARLINK-D-03-02
1 70063U 26001A   26200.00000000  .00000000  00000-0  00000-0 0  9995
2 70063  70.0000  30.0000 0001000   0.0000  37.5000 14.98995063    08
STARLINK-D-03-03
1 70064U 26001A   26200.00000000  .00000000  00000-0  00000-0 0  9996
2 70064  70.0000  30.0000 0001000   0.0000  55.5000 14.98995063    09
STARLINK-D-03-04
1 70065U 26001A   26200.00000000  .00000000  00000-0  00000-0 0  9997
2 70065  70.0000  30.0000 0001000   0.0000  73.5000 14.98995063    00
STARLINK-D-03-05
1 70066U 26001A   26200.00000000  .00000000  00000-0  00000-0 0  9998
2 70066  70.0000  30.0000 0001000   0.0000  91.5000 14.98995063    01
STARLINK-D-03-06
1 70067U 26001A   26200.00000000  .00000000  00000-0  00000-0 0  9999
2 70067  70.0000  30.0000 0001000   0.0000 109.5000 14.98995063    02
STARLINK-D-03-07
1 70068U 26001A   26200.00000000  .00000000  00000-0  00000-0 0  9990
2 70068  70.0000  30.0000 0001000   0.0000 127.5000 14.98995063    03
STARLINK-D-03-08
1 70069U 26001A   26200.00000000  .00000000  00000-0  00000-0 0  9991
2 70069  70.0000  30.0000 0001000   0.0000 145.5000 14.98995063    04
STARLINK-D-03-09
1 70070U 26001A   26200.00000000  .00000000  00000-0  00000-0 0  9993
2 70070  70.0000  30.0000 0001000   0.0000 163.5000 14.98995063    06
STARLINK-D-03-10
1 70071U 26001A   26200.00000000  .00000000  00000-0  00000-0 0  9994
2 70071  70.0000  30.0000 0001000   0.0000 181.5000 14.98995063    07
STARLINK-D-03-11
1 70072U 26001A   26200.00000000  .00000000  00000-0  00000-0 0  9995
2 70072  70.0000  30.0000 0001000   0.0000 199.5000 14.98995063    07
STARLINK-D-03-12
1 70073U 26001A   26200.00000000  .00000000  00000-0  00000-0 0  9996
2 70073  70.0000  30.0000 0001000   0.0000 217.5000 14.98995063    09
STARLINK-D-03-13
1 70074U 26001A   26200.00000000  .00000000  00000-0  00000-0 0  9997
2 70074  70.0000  30.0000 0001000   0.0000 235.5000 14.98995063    00
STARLINK-D-03-14
1 70075U 26001A   26200.00000000  .00000000  00000-0  00000-0 0  9998
2 70075  70.0000  30.0000 0001000   0.0000 253.5000 14.98995063    01
STARLINK-D-03-15
1 70076U 26001A   26200.00000000  .00000000  00000-0  00000-0 0  9999
2 70076  70.0000  30.0000 0001000   0.0000 271.5000 14.98995063    02
STARLINK-D-03-16
1 70077U 26001A   26200.00000000  .00000000  00000-0  00000-0 0  9990
2 70077  70.0000  30.0000 0001000   0.0000 289.5000 14.98995063    02
STARLINK-D-03-17
1 70078U 26001A   26200.00000000  .00000000  00000-0  00000-0 0  9991
2 70078  70.0000  30.0000 0001000   0.0000 307.5000 14.98995063    04
STARLINK-D-03-18
1 70079U 26001A   26200.00000000  .00000000  00000-0  00000-0 0  9992
2 70079  70.0000  30.0000 0001000   0.0000 325.5000 14.98995063    05
STARLINK-D-03-19
1 70080U 26001A   26200.00000000  .00000000  00000-0  00000-0 0  9994
2 70080  70.0000  30.0000 0001000   0.0000 343.5000 14.98995063    07
STARLINK-D-04-00
1 70081U 26001A   26200.00000000  .00000000  00000-0  00000-0 0  9995
2 70081  70.0000  40.0000 0001000   0.0000   2.0000 14.98995063    06
STARLINK-D-04-01
1 70082U 26001A   26200.00000000  .00000000  00000-0  00000-0 0  9996
2 70082  70.0000  40.0000 0001000   0.0000  20.0000 14.98995063    07
STARLINK-D-04-02
1 70083U 26001A   26200.00000000  .00000000  00000-0  00000-0 0  9997
2 70083  70.0000  40.0000 0001000   0.0000  38.0000 14.98995063    07
STARLINK-D-04-03
1 70084U 26001A   26200.00000000  .00000000  00000-0  00000-0 0  9998
2 70084  70.0000  40.0000 0001000   0.0000  56.0000 14.98995063    08
STARLINK-D-04-04
1 70085U 26001A   26200.00000000  .00000000  00000-0  00000-0 0  9999
2 70085  70.0000  40.0000 0001000   0.0000  74.0000 14.98995063    09
STARLINK-D-04-05
1 70086U 26001A   26200.00000000  .00000000  00000-0  00000-0 0  9990
2 70086  70.0000  40.0000 0001000   0.0000  92.0000 14.98995063    00
STARLINK-D-04-06
1 70087U 26001A   26200.00000000  .00000000  00000-0  00000-0 0  9991
2 70087  70.0000  40.0000 0001000   0.0000 110.0000 14.98995063    02
STARLINK-D-04-07
1 70088U 26001A   26200.00000000  .00000000  00000-0  00000-0 0  9992
2 70088  70.0000  40.0000 0001000   0.0000 128.0000 14.98995063    02
STARLINK-D-04-08
1 70089U 26001A   26200.00000000  .00000000  00000-0  00000-0 0  9993
2 70089  70.0000  40.0000 0001000   0.0000 146.0000 14.98995063    03
STARLINK-D-04-09
1 70090U 26001A   26200.00000000  .00000000  00000-0  00000-0 0  9995
2 70090  70.0000  40.0000 0001000   0.0000 164.0000 14.98995063    05
STARLINK-D-04-10
1 70091U 26001A   26200.00000000  .00000000  00000-0  00000-0 0  9996
2 70091  70.0000  40.0000 0001000   0.0000 182.0000 14.98995063    06
STARLINK-D-04-11
1 70092U 26001A   26200.00000000  .00000000  00000-0  00000-0 0  9997
2 70092  70.0000  40.0000 0001000   0.0000 200.0000 14.98995063    08
STARLINK-D-04-12
1 70093U 26001A   26200.00000000  .00000000  00000-0  00000-0 0  9998
2 70093  70.0000  40.0000 0001000   0.0000 218.0000 14.98995063    08
STARLINK-D-04-13
1 70094U 26001A   26200.00000000  .00000000  00000-0  00000-0 0  9999
2 70094  70.0000  40.0000 0001000   0.0000 236.0000 14.98995063    09
STARLINK-D-04-14
1 70095U 26001A   26200.00000000  .00000000  00000-0  00000-0 0  9990
2 70095  70.0000  40.0000 0001000   0.0000 254.0000 14.98995063    00
STARLINK-D-04-15
1 70096U 26001A   26200.00000000  .00000000  00000-0  00000-0 0  9991
2 70096  70.0000  40.0000 0001000   0.0000 272.0000 14.98995063    01
STARLINK-D-04-16
1 70097U 26001A   26200.00000000  .00000000  00000-0  00000-0 0  9992
2 70097  70.0000  40.0000 0001000   0.0000 290.0000 14.98995063    02
STARLINK-D-04-17
1 70098U 26001A   26200.00000000  .00000000  00000-0  00000-0 0  9993
2 70098  70.0000  40.0000 0001000   0.0000 308.0000 14.98995063    03
STARLINK-D-04-18
1 70099U 26001A   26200.00000000  .00000000  00000-0  00000-0 0  9994
2 70099  70.0000  40.0000 0001000   0.0000 326.0000 14.98995063    04
STARLINK-D-04-19
1 70100U 26001A   26200.00000000  .00000000  00000-0  00000-0 0  9997
2 70100  70.0000  40.0000 0001000   0.0000 344.0000 14.98995063    07
STARLINK-D-05-00
1 70101U 26001A   26200.00000000  .00000000  00000-0  00000-0 0  9998
2 70101  70.0000  50.0000 0001000   0.0000   2.5000 14.98995063    05
STARLINK-D-05-01
1 70102U 26001A   26200.00000000  .00000000  00000-0  00000-0 0  9999
2 70102  70.0000  50.0000 0001000   0.0000  20.5000 14.98995063    06
STARLINK-D-05-02
1 70103U 26001A   26200.00000000  .00000000  00000-0  00000-0 0  9990
2 70103  70.0000  50.0000 0001000   0.0000  38.5000 14.98995063    06
STARLINK-D-05-03
1 70104U 26001A   26200.00000000  .00000000  00000-0  00000-0 0  9991
2 70104  70.0000  50.0000 0001000   0.0000  56.5000 14.98995063    07
STARLINK-D-05-04
1 70105U 26001A   26200.00000000  .00000000  00000-0  00000-0 0  9992
2 70105  70.0000  50.0000 0001000   0.0000  74.5000 14.98995063    08
STARLINK-D-05-05
1 70106U 26001A   26200.00000000  .00000000  00000-0  00000-0 0  9993
2 70106  70.0000  50.0000 0001000   0.0000  92.5000 14.98995063    09
STARLINK-D-05-06
1 70107U 26001A   26200.00000000  .00000000  00000-0  00000-0 0  9994
2 70107  70.0000  50.0000 0001000   0.0000 110.5000 14.98995063    01
STARLINK-D-05-07
1 70108U 26001A   26200.00000000  .00000000  00000-0  00000-0 0  9995
2 70108  70.0000  50.0000 0001000   0.0000 128.5000 14.98995063    01
STARLINK-D-05-08
1 70109U 26001A   26200.00000000  .00000000  00000-0  00000-0 0  9996
2 70109  70.0000  50.0000 0001000   0.0000 146.5000 14.98995063    02
STARLINK-D-05-09
1 70110U 26001A   26200.00000000  .00000000  00000-0  00000-0 0  9998
2 70110  70.0000  50.0000 0001000   0.0000 164.5000 14.98995063    04
STARLINK-D-05-10
1 70111U 26001A   26200.00000000  .00000000  00000-0  00000-0 0  9999
2 70111  70.0000  50.0000 0001000   0.0000 182.5000 14.98995063    05
STARLINK-D-05-11
1 70112U 26001A   26200.00000000  .00000000  00000-0  00000-0 0  9990
2 70112  70.0000  50.0000 0001000   0.0000 200.5000 14.98995063    07
STARLINK-D-05-12
1 70113U 26001A   26200.00000000  .00000000  00000-0  00000-0 0  9991
2 70113  70.0000  50.0000 0001000   0.0000 218.5000 14.98995063    07
STARLINK-D-05-13
1 70114U 26001A   26200.00000000  .00000000  00000-0  00000-0 0  9992
2 70114  70.0000  50.0000 0001000   0.0000 236.5000 14.98995063    08
STARLINK-D-05-14
1 70115U 26001A   26200.00000000  .00000000  00000-0  00000-0 0  9993
2 70115  70.0000  50.0000 0001000   0.0000 254.5000 14.98995063    09
STARLINK-D-05-15
1 70116U 26001A   26200.00000000  .00000000  00000-0  00000-0 0  9994
2 70116  70.0000  50.0000 0001000   0.0000 272.5000 14.98995063    00
STARLINK-D-05-16
1 70117U 26001A   26200.00000000  .00000000  00000-0  00000-0 0  9995
2 70117  70.0000  50.0000 0001000   0.0000 290.5000 14.98995063    01
STARLINK-D-05-17
1 70118U 26001A   26200.00000000  .00000000  00000-0  00000-0 0  9996
2 70118  70.0000  50.0000 0001000   0.0000 308.5000 14.98995063    02
STARLINK-D-05-18
1 70119U 26001A   26200.00000000  .00000000  00000-0  00000-0 0  9997
2 70119  70.0000  50.0000 0001000   0.0000 326.5000 14.98995063    03
STARLINK-D-05-19
1 70120U 26001A   26200.00000000  .00000000  00000-0  00000-0 0  9999
2 70120  70.0000  50.0000 0001000   0.0000 344.5000 14.98995063    05
STARLINK-D-06-00
1 70121U 26001A   26200.00000000  .00000000  00000-0  00000-0 0  9990
2 70121  70.0000  60.0000 0001000   0.0000   3.0000 14.98995063    04
STARLINK-D-06-01
1 70122U 26001A   26200.00000000  .00000000  00000-0  00000-0 0  9991
2 70122  70.0000  60.0000 0001000   0.0000  21.0000 14.98995063    05
STARLINK-D-06-02
1 70123U 26001A   26200.00000000  .00000000  00000-0  00000-0 0  9992
2 70123  70.0000  60.0000 0001000   0.0000  39.0000 14.98995063    05
STARLINK-D-06-03
1 70124U 26001A   26200.00000000  .00000000  00000-0  00000-0 0  9993
2 70124  70.0000  60.0000 0001000   0.0000  57.0000 14.98995063    06
STARLINK-D-06-04
1 70125U 26001A   26200.00000000  .00000000  00000-0  00000-0 0  9994
2 70125  70.0000  60.0000 0001000   0.0000  75.0000 14.98995063    07
STARLINK-D-06-05
1 70126U 26001A   26200.00000000  .00000000  00000-0  00000-0 0  9995
2 70126  70.0000  60.0000 0001000   0.0000  93.0000 14.98995063    08
STARLINK-D-06-06
1 70127U 26001A   26200.00000000  .00000000  00000-0  00000-0 0  9996
2 70127  70.0000  60.0000 0001000   0.0000 111.0000 14.98995063    00
STARLINK-D-06-07
1 70128U 26001A   26200.00000000  .00000000  00000-0  00000-0 0  9997
2 70128  70.0000  60.0000 0001000   0.0000 129.0000 14.98995063    00
STARLINK-D-06-08
1 70129U 26001A   26200.00000000  .00000000  00000-0  00000-0 0  9998
2 70129  70.0000  60.0000 0001000   0.0000 147.0000 14.98995063    01
STARLINK-D-06-09
1 70130U 26001A   26200.00000000  .00000000  00000-0  00000-0 0  9990
2 70130  70.0000  60.0000 0001000   0.0000 165.0000 14.98995063    03
STARLINK-D-06-10
1 70131U 26001A   26200.00000000  .00000000  00000-0  00000-0 0  9991
2 70131  70.0000  60.0000 0001000   0.0000 183.0000 14.98995063    04
STARLINK-D-06-11
1 70132U 26001A   26200.00000000  .00000000  00000-0  00000-0 0  9992
2 70132  70.0000  60.0000 0001000   0.0000 201.0000 14.98995063    06
STARLINK-D-06-12
1 70133U 26001A   26200.00000000  .00000000  00000-0  00000-0 0  9993
2 70133  70.0000  60.0000 0001000   0.0000 219.0000 14.98995063    06
STARLINK-D-06-13
1 70134U 26001A   26200.00000000  .00000000  00000-0  00000-0 0  9994
2 70134  70.0000  60.0000 0001000   0.0000 237.0000 14.98995063    07
STARLINK-D-06-14
1 70135U 26001A   26200.00000000  .00000000  00000-0  00000-0 0  9995
2 70135  70.0000  60.0000 0001000   0.0000 255.0000 14.98995063    08
STARLINK-D-06-15
1 70136U 26001A   26200.00000000  .00000000  00000-0  00000-0 0  9996
2 70136  70.0000  60.0000 0001000   0.0000 273.0000 14.98995063    09
STARLINK-D-06-16
1 70137U 26001A   26200.00000000  .00000000  00000-0  00000-0 0  9997
2 70137  70.0000  60.0000 0001000   0.0000 291.0000 14.98995063    00
STARLINK-D-06-17
1 70138U 26001A   26200.00000000  .00000000  00000-0  00000-0 0  9998
2 70138  70.0000  60.0000 0001000   0.0000 309.0000 14.98995063    01
STARLINK-D-06-18
1 70139U 26001A   26200.00000000  .00000000  00000-0  00000-0 0  9999
2 70139  70.0000  60.0000 0001000   0.0000 327.0000 14.98995063    02
STARLINK-D-06-19
1 70140U 26001A   26200.00000000  .00000000  00000-0  00000-0 0  9991
2 70140  70.0000  60.0000 0001000   0.0000 345.0000 14.98995063    04
STARLINK-D-07-00
1 70141U 26001A   26200.00000000  .00000000  00000-0  00000-0 0  9992
2 70141  70.0000  70.0000 0001000   0.0000   3.5000 14.98995063    02
STARLINK-D-07-01
1 70142U 26001A   26200.00000000  .00000000  00000-0  00000-0 0  9993
2 70142  70.0000  70.0000 0001000   0.0000  21.5000 14.98995063    03
STARLINK-D-07-02
1 70143U 26001A   26200.00000000  .00000000  00000-0  00000-0 0  9994
2 70143  70.0000  70.0000 0001000   0.0000  39.5000 14.98995063    03
STARLINK-D-07-03
1 70144U 26001A   26200.00000000  .00000000  00000-0  00000-0 0  9995
2 70144  70.0000  70.0000 0001000   0.0000  57.5000 14.98995063    04
STARLINK-D-07-04
1 70145U 26001A   26200.00000000  .00000000  00000-0  00000-0 0  9996
2 70145  70.0000  70.0000 0001000   0.0000  75.5000 14.98995063    05
STARLINK-D-07-05
1 70146U 26001A   26200.00000000  .00000000  00000-0  00000-0 0  9997
2 70146  70.0000  70.0000 0001000   0.0000  93.5000 14.98995063    06
STARLINK-D-07-06
1 70147U 26001A   26200.00000000  .00000000  00000-0  00000-0 0  9998
2 70147  70.0000  70.0000 0001000   0.0000 111.5000 14.98995063    08
STARLINK-D-07-07
1 70148U 26001A   26200.00000000  .00000000  00000-0  00000-0 0  9999
2 70148  70.0000  70.0000 0001000   0.0000 129.5000 14.98995063    08
STARLINK-D-07-08
1 70149U 26001A   26200.00000000  .00000000  00000-0  00000-0 0  9990
2 70149  70.0000  70.0000 0001000   0.0000 147.5000 14.98995063    09
STARLINK-D-07-09
1 70150U 26001A   26200.00000000  .00000000  00000-0  00000-0 0  9992
2 70150  70.0000  70.0000 0001000   0.0000 165.5000 14.98995063    01
STARLINK-D-07-10
1 70151U 26001A   26200.00000000  .00000000  00000-0  00000-0 0  9993
2 70151  70.0000  70.0000 0001000   0.0000 183.5000 14.98995063    02
STARLINK-D-07-11
1 70152U 26001A   26200.00000000  .00000000  00000-0  00000-0 0  9994
2 70152  70.0000  70.0000 0001000   0.0000 201.5000 14.98995063    04
STARLINK-D-07-12
1 70153U 26001A   26200.00000000  .00000000  00000-0  00000-0 0  9995
2 70153  70.0000  70.0000 0001000   0.0000 219.5000 14.98995063    04
STARLINK-D-07-13
1 70154U 26001A   26200.00000000  .00000000  00000-0  00000-0 0  9996
2 70154  70.0000  70.0000 0001000   0.0000 237.5000 14.98995063    05
STARLINK-D-07-14
1 70155U 26001A   26200.00000000  .00000000  00000-0  00000-0 0  9997
2 70155  70.0000  70.0000 0001000   0.0000 255.5000 14.98995063    06
STARLINK-D-07-15
1 70156U 26001A   26200.00000000  .00000000  00000-0  00000-0 0  9998
2 70156  70.0000  70.0000 0001000   0.0000 273.5000 14.98995063    07
STARLINK-D-07-16
1 70157U 26001A   26200.00000000  .00000000  00000-0  00000-0 0  9999
2 70157  70.0000  70.0000 0001000   0.0000 291.5000 14.98995063    08
STARLINK-D-07-17
1 70158U 26001A   26200.00000000  .00000000  00000-0  00000-0 0  9990
2 70158  70.0000  70.0000 0001000   0.0000 309.5000 14.98995063    09
STARLINK-D-07-18
1 70159U 26001A   26200.00000000  .00000000  00000-0  00000-0 0  9991
2 70159  70.0000  70.0000 0001000   0.0000 327.5000 14.98995063    00
STARLINK-D-07-19
1 70160U 26001A   26200.00000000  .00000000  00000-0  00000-0 0  9993
2 70160  70.0000  70.0000 0001000   0.0000 345.5000 14.98995063    02
STARLINK-D-08-00
1 70161U 26001A   26200.00000000  .00000000  00000-0  00000-0 0  9994
2 70161  70.0000  80.0000 0001000   0.0000   4.0000 14.98995063    01
STARLINK-D-08-01
1 70162U 26001A   26200.00000000  .00000000  00000-0  00000-0 0  9995
2 70162  70.0000  80.0000 0001000   0.0000  22.0000 14.98995063    02
STARLINK-D-08-02
1 70163U 26001A   26200.00000000  .00000000  00000-0  00000-0 0  9996
2 70163  70.0000  80.0000 0001000   0.0000  40.0000 14.98995063    03
STARLINK-D-08-03
1 70164U 26001A   26200.00000000  .00000000  00000-0  00000-0 0  9997
2 70164  70.0000  80.0000 0001000   0.0000  58.0000 14.98995063    03
STARLINK-D-08-04
1 70165U 26001A   26200.00000000  .00000000  00000-0  00000-0 0  9998
2 70165  70.0000  80.0000 0001000   0.0000  76.0000 14.98995063    04
STARLINK-D-08-05
1 70166U 26001A   26200.00000000  .00000000  00000-0  00000-0 0  9999
2 70166  70.0000  80.0000 0001000   0.0000  94.0000 14.98995063    05
STARLINK-D-08-06
1 70167U 26001A   26200.00000000  .00000000  00000-0  00000-0 0  9990
2 70167  70.0000  80.0000 0001000   0.0000 112.0000 14.98995063    07
STARLINK-D-08-07
1 70168U 26001A   26200.00000000  .00000000  00000-0  00000-0 0  9991
2 70168  70.0000  80.0000 0001000   0.0000 130.0000 14.98995063    08
STARLINK-D-08-08
1 70169U 26001A   26200.00000000  .00000000  00000-0  00000-0 0  9992
2 70169  70.0000  80.0000 0001000   0.0000 148.0000 14.98995063    08
STARLINK-D-08-09
1 70170U 26001A   26200.00000000  .00000000  00000-0  00000-0 0  9994
2 70170  70.0000  80.0000 0001000   0.0000 166.0000 14.98995063    00
STARLINK-D-08-10
1 70171U 26001A   26200.00000000  .00000000  00000-0  00000-0 0  9995
2 70171  70.0000  80.0000 0001000   0.0000 184.0000 14.98995063    01
STARLINK-D-08-11
1 70172U 26001A   26200.00000000  .00000000  00000-0  00000-0 0  9996
2 70172  70.0000  80.0000 0001000   0.0000 202.0000 14.98995063    03
STARLINK-D-08-12
1 70173U 26001A   26200.00000000  .00000000  00000-0  00000-0 0  9997
2 70173  70.0000  80.0000 0001000   0.0000 220.0000 14.98995063    04
STARLINK-D-08-13
1 70174U 26001A   26200.00000000  .00000000  00000-0  00000-0 0  9998
2 70174  70.0000  80.0000 0001000   0.0000 238.0000 14.98995063    04
STARLINK-D-08-14
1 70175U 26001A   26200.00000000  .00000000  00000-0  00000-0 0  9999
2 70175  70.0000  80.0000 0001000   0.0000 256.0000 14.98995063    05
STARLINK-D-08-15
1 70176U 26001A   26200.00000000  .00000000  00000-0  00000-0 0  9990
2 70176  70.0000  80.0000 0001000   0.0000 274.0000 14.98995063    06
STARLINK-D-08-16
1 70177U 26001A   26200.00000000  .00000000  00000-0  00000-0 0  9991
2 70177  70.0000  80.0000 0001000   0.0000 292.0000 14.98995063    07
STARLINK-D-08-17
1 70178U 26001A   26200.00000000  .00000000  00000-0  00000-0 0  9992
2 70178  70.0000  80.0000 0001000   0.0000 310.0000 14.98995063    09
STARLINK-D-08-18
1 70179U 26001A   26200.00000000  .00000000  00000-0  00000-0 0  9993
2 70179  70.0000  80.0000 0001000   0.0000 328.0000 14.98995063    09
STARLINK-D-08-19
1 70180U 26001A   26200.00000000  .00000000  00000-0  00000-0 0  9995
2 70180  70.0000  80.0000 0001000   0.0000 346.0000 14.98995063    01
STARLINK-D-09-00
1 70181U 26001A   26200.00000000  .00000000  00000-0  00000-0 0  9996
2 70181  70.0000  90.0000 0001000   0.0000   4.5000 14.98995063    09
STARLINK-D-09-01
1 70182U 26001A   26200.00000000  .00000000  00000-0  00000-0 0  9997
2 70182  70.0000  90.0000 0001000   0.0000  22.5000 14.98995063    00
STARLINK-D-09-02
1 70183U 26001A   26200.00000000  .00000000  00000-0  00000-0 0  9998
2 70183  70.0000  90.0000 0001000   0.0000  40.5000 14.98995063    01
STARLINK-D-09-03
1 70184U 26001A   26200.00000000  .00000000  00000-0  00000-0 0  9999
2 70184  70.0000  90.0000 0001000   0.0000  58.5000 14.98995063    01
STARLINK-D-09-04
1 70185U 26001A   26200.00000000  .00000000  00000-0  00000-0 0  9990
2 70185  70.0000  90.0000 0001000   0.0000  76.5000 14.98995063    02
STARLINK-D-09-05
1 70186U 26001A   26200.00000000  .00000000  00000-0  00000-0 0  9991
2 70186  70.0000  90.0000 0001000   0.0000  94.5000 14.98995063    03
STARLINK-D-09-06
1 70187U 26001A   26200.00000000  .00000000  00000-0  00000-0 0  9992
2 70187  70.0000  90.0000 0001000   0.0000 112.5000 14.98995063    05
STARLINK-D-09-07
1 70188U 26001A   26200.00000000  .00000000  00000-0  00000-0 0  9993
2 70188  70.0000  90.0000 0001000   0.0000 130.5000 14.98995063    06
STARLINK-D-09-08
1 70189U 26001A   26200.00000000  .00000000  00000-0  00000-0 0  9994
2 70189  70.0000  90.0000 0001000   0.0000 148.5000 14.98995063    06
STARLINK-D-09-09
1 70190U 26001A   26200.00000000  .00000000  00000-0  00000-0 0  9996
2 70190  70.0000  90.0000 0001000   0.0000 166.5000 14.98995063    08
STARLINK-D-09-10
1 70191U 26001A   26200.00000000  .00000000  00000-0  00000-0 0  9997
2 70191  70.0000  90.0000 0001000   0.0000 184.5000 14.98995063    09
STARLINK-D-09-11
1 70192U 26001A   26200.00000000  .00000000  00000-0  00000-0 0  9998
2 70192  70.0000  90.0000 0001000   0.0000 202.5000 14.98995063    01
STARLINK-D-09-12
1 70193U 26001A   26200.00000000  .00000000  00000-0  00000-0 0  9999
2 70193  70.0000  90.0000 0001000   0.0000 220.5000 14.98995063    02
STARLINK-D-09-13
1 70194U 26001A   26200.00000000  .00000000  00000-0  00000-0 0  9990
2 70194  70.0000  90.0000 0001000   0.0000 238.5000 14.98995063    02
STARLINK-D-09-14
1 70195U 26001A   26200.00000000  .00000000  00000-0  00000-0 0  9991
2 70195  70.0000  90.0000 0001000   0.0000 256.5000 14.98995063    03
STARLINK-D-09-15
1 70196U 26001A   26200.00000000  .00000000  00000-0  00000-0 0  9992
2 70196  70.0000  90.0000 0001000   0.0000 274.5000 14.98995063    04
STARLINK-D-09-16
1 70197U 26001A   26200.00000000  .00000000  00000-0  00000-0 0  9993
2 70197  70.0000  90.0000 0001000   0.0000 292.5000 14.98995063    05
STARLINK-D-09-17
1 70198U 26001A   26200.00000000  .00000000  00000-0  00000-0 0  9994
2 70198  70.0000  90.0000 0001000   0.0000 310.5000 14.98995063    07
STARLINK-D-09-18
1 70199U 26001A   26200.00000000  .00000000  00000-0  00000-0 0  9995
2 70199  70.0000  90.0000 0001000   0.0000 328.5000 14.98995063    07
STARLINK-D-09-19
1 70200U 26001A   26200.00000000  .00000000  00000-0  00000-0 0  9998
2 70200  70.0000  90.0000 0001000   0.0000 346.5000 14.98995063    00
STARLINK-D-10-00
1 70201U 26001A   26200.00000000  .00000000  00000-0  00000-0 0  9999
2 70201  70.0000 100.0000 0001000   0.0000   5.0000 14.98995063    00
STARLINK-D-10-01
1 70202U 26001A   26200.00000000  .00000000  00000-0  00000-0 0  9990
2 70202  70.0000 100.0000 0001000   0.0000  23.0000 14.98995063    01
STARLINK-D-10-02
1 70203U 26001A   26200.00000000  .00000000  00000-0  00000-0 0  9991
2 70203  70.0000 100.0000 0001000   0.0000  41.0000 14.98995063    02
STARLINK-D-10-03
1 70204U 26001A   26200.00000000  .00000000  00000-0  00000-0 0  9992
2 70204  70.0000 100.0000 0001000   0.0000  59.0000 14.98995063    02
STARLINK-D-10-04
1 70205U 26001A   26200.00000000  .00000000  00000-0  00000-0 0  9993
2 70205  70.0000 100.0000 0001000   0.0000  77.0000 14.98995063    03
STARLINK-D-10-05
1 70206U 26001A   26200.00000000  .00000000  00000-0  00000-0 0  9994
2 70206  70.0000 100.0000 0001000   0.0000  95.0000 14.98995063    04
STARLINK-D-10-06
1 70207U 26001A   26200.00000000  .00000000  00000-0  00000-0 0  9995
2 70207  70.0000 100.0000 0001000   0.0000 113.0000 14.98995063    06
STARLINK-D-10-07
1 70208U 26001A   26200.00000000  .00000000  00000-0  00000-0 0  9996
2 70208  70.0000 100.0000 0001000   0.0000 131.0000 14.98995063    07
STARLINK-D-10-08
1 70209U 26001A   26200.00000000  .00000000  00000-0  00000-0 0  9997
2 70209  70.0000 100.0000 0001000   0.0000 149.0000 14.98995063    07
STARLINK-D-10-09
1 70210U 26001A   26200.00000000  .00000000  00000-0  00000-0 0  9999
2 70210  70.0000 100.0000 0001000   0.0000 167.0000 14.98995063    09
STARLINK-D-10-10
1 70211U 26001A   26200.00000000  .00000000  00000-0  00000-0 0  9990
2 70211  70.0000 100.0000 0001000   0.0000 185.0000 14.98995063    00
STARLINK-D-10-11
1 70212U 26001A   26200.00000000  .00000000  00000-0  00000-0 0  9991
2 70212  70.0000 100.0000 0001000   0.0000 203.0000 14.98995063    02
STARLINK-D-10-12
1 70213U 26001A   26200.00000000  .00000000  00000-0  00000-0 0  9992
2 70213  70.0000 100.0000 0001000   0.0000 221.0000 14.98995063    03
STARLINK-D-10-13
1 70214U 26001A   26200.00000000  .00000000  00000-0  00000-0 0  9993
2 70214  70.0000 100.0000 0001000   0.0000 239.0000 14.98995063    03
STARLINK-D-10-14
1 70215U 26001A   26200.00000000  .00000000  00000-0  00000-0 0  9994
2 70215  70.0000 100.0000 0001000   0.0000 257.0000 14.98995063    04
STARLINK-D-10-15
1 70216U 26001A   26200.00000000  .00000000  00000-0  00000-0 0  9995
2 70216  70.0000 100.0000 0001000   0.0000 275.0000 14.98995063    05
STARLINK-D-10-16
1 70217U 26001A   26200.00000000  .00000000  00000-0  00000-0 0  9996
2 70217  70.0000 100.0000 0001000   0.0000 293.0000 14.98995063    06
STARLINK-D-10-17
1 70218U 26001A   26200.00000000  .00000000  00000-0  00000-0 0  9997
2 70218  70.0000 100.0000 0001000   0.0000 311.0000 14.98995063    08
STARLINK-D-10-18
1 70219U 26001A   26200.00000000  .00000000  00000-0  00000-0 0  9998
2 70219  70.0000 100.0000 0001000   0.0000 329.0000 14.98995063    08
STARLINK-D-10-19
1 70220U 26001A   26200.00000000  .00000000  00000-0  00000-0 0  9990
2 70220  70.0000 100.0000 0001000   0.0000 347.0000 14.98995063    00
STARLINK-D-11-00
1 70221U 26001A   26200.00000000  .00000000  00000-0  00000-0 0  9991
2 70221  70.0000 110.0000 0001000   0.0000   5.5000 14.98995063    08
STARLINK-D-11-01
1 70222U 26001A   26200.00000000  .00000000  00000-0  00000-0 0  9992
2 70222  70.0000 110.0000 0001000   0.0000  23.5000 14.98995063    09
STARLINK-D-11-02
1 70223U 26001A   26200.00000000  .00000000  00000-0  00000-0 0  9993
2 70223  70.0000 110.0000 0001000   0.0000  41.5000 14.98995063    00
STARLINK-D-11-03
1 70224U 26001A   26200.00000000  .00000000  00000-0  00000-0 0  9994
2 70224  70.0000 110.0000 0001000   0.0000  59.5000 14.98995063    00
STARLINK-D-11-04
1 70225U 26001A   26200.00000000  .00000000  00000-0  00000-0 0  9995
2 70225  70.0000 110.0000 0001000   0.0000  77.5000 14.98995063    01
STARLINK-D-11-05
1 70226U 26001A   26200.00000000  .00000000  00000-0  00000-0 0  9996
2 70226  70.0000 110.0000 0001000   0.0000  95.5000 14.98995063    02
STARLINK-D-11-06
1 70227U 26001A   26200.00000000  .00000000  00000-0  00000-0 0  9997
2 70227  70.0000 110.0000 0001000   0.0000 113.5000 14.98995063    04
STARLINK-D-11-07
1 70228U 26001A   26200.00000000  .00000000  00000-0  00000-0 0  9998
2 70228  70.0000 110.0000 0001000   0.0000 131.5000 14.98995063    05
STARLINK-D-11-08
1 70229U 26001A   26200.00000000  .00000000  00000-0  00000-0 0  9999
2 70229  70.0000 110.0000 0001000   0.0000 149.5000 14.98995063    05
STARLINK-D-11-09
1 70230U 26001A   26200.00000000  .00000000  00000-0  00000-0 0  9991
2 70230  70.0000 110.0000 0001000   0.0000 167.5000 14.98995063    07
STARLINK-D-11-10
1 70231U 26001A   26200.00000000  .00000000  00000-0  00000-0 0  9992
2 70231  70.0000 110.0000 0001000   0.0000 185.5000 14.98995063    08
STARLINK-D-11-11
1 70232U 26001A   26200.00000000  .00000000  00000-0  00000-0 0  9993
2 70232  70.0000 110.0000 0001000   0.0000 203.5000 14.98995063    00
STARLINK-D-11-12
1 70233U 26001A   26200.00000000  .00000000  00000-0  00000-0 0  9994
2 70233  70.0000 110.0000 0001000   0.0000 221.5000 14.98995063    01
STARLINK-D-11-13
1 70234U 26001A   26200.00000000  .00000000  00000-0  00000-0 0  9995
2 70234  70.0000 110.0000 0001000   0.0000 239.5000 14.98995063    01
STARLINK-D-11-14
1 70235U 26001A   26200.00000000  .00000000  00000-0  00000-0 0  9996
2 70235  70.0000 110.0000 0001000   0.0000 257.5000 14.98995063    02
STARLINK-D-11-15
1 70236U 26001A   26200.00000000  .00000000  00000-0  00000-0 0  9997
2 70236  70.0000 110.0000 0001000   0.0000 275.5000 14.98995063    03
STARLINK-D-11-16
1 70237U 26001A   26200.00000000  .00000000  00000-0  00000-0 0  9998
2 70237  70.0000 110.0000 0001000   0.0000 293.5000 14.98995063    04
STARLINK-D-11-17
1 70238U 26001A   26200.00000000  .00000000  00000-0  00000-0 0  9999
2 70238  70.0000 110.0000 0001000   0.0000 311.5000 14.98995063    06
STARLINK-D-11-18
1 70239U 26001A   26200.00000000  .00000000  00000-0  00000-0 0  9990
2 70239  70.0000 110.0000 0001000   0.0000 329.5000 14.98995063    06
STARLINK-D-11-19
1 70240U 26001A   26200.00000000  .00000000  00000-0  00000-0 0  9992
2 70240  70.0000 110.0000 0001000   0.0000 347.5000 14.98995063    08
STARLINK-D-12-00
1 70241U 26001A   26200.00000000  .00000000  00000-0  00000-0 0  9993
2 70241  70.0000 120.0000 0001000   0.0000   6.0000 14.98995063    07
STARLINK-D-12-01
1 70242U 26001A   26200.00000000  .00000000  00000-0  00000-0 0  9994
2 70242  70.0000 120.0000 0001000   0.0000  24.0000 14.98995063    08
STARLINK-D-12-02
1 70243U 26001A   26200.00000000  .00000000  00000-0  00000-0 0  9995
2 70243  70.0000 120.0000 0001000   0.0000  42.0000 14.98995063    09
STARLINK-D-12-03
1 70244U 26001A   26200.00000000  .00000000  00000-0  00000-0 0  9996
2 70244  70.0000 120.0000 0001000   0.0000  60.0000 14.98995063    00
STARLINK-D-12-04
1 70245U 26001A   26200.00000000  .00000000  00000-0  00000-0 0  9997
2 70245  70.0000 120.0000 0001000   0.0000  78.0000 14.98995063    00
STARLINK-D-12-05
1 70246U 26001A   26200.00000000  .00000000  00000-0  00000-0 0  9998
2 70246  70.0000 120.0000 0001000   0.0000  96.0000 14.98995063    01
STARLINK-D-12-06
1 70247U 26001A   26200.00000000  .00000000  00000-0  00000-0 0  9999
2 70247  70.0000 120.0000 0001000   0.0000 114.0000 14.98995063    03
STARLINK-D-12-07
1 70248U 26001A   26200.00000000  .00000000  00000-0  00000-0 0  9990
2 70248  70.0000 120.0000 0001000   0.0000 132.0000 14.98995063    04
STARLINK-D-12-08
1 70249U 26001A   26200.00000000  .00000000  00000-0  00000-0 0  9991
2 70249  70.0000 120.0000 0001000   0.0000 150.0000 14.98995063    05
STARLINK-D-12-09
1 70250U 26001A   26200.00000000  .00000000  00000-0  00000-0 0  9993
2 70250  70.0000 120.0000 0001000   0.0000 168.0000 14.98995063    06
STARLINK-D-12-10
1 70251U 26001A   26200.00000000  .00000000  00000-0  00000-0 0  9994
2 70251  70.0000 120.0000 0001000   0.0000 186.0000 14.98995063    07
STARLINK-D-12-11
1 70252U 26001A   26200.00000000  .00000000  00000-0  00000-0 0  9995
2 70252  70.0000 120.0000 0001000   0.0000 204.0000 14.98995063    09
STARLINK-D-12-12
1 70253U 26001A   26200.00000000  .00000000  00000-0  00000-0 0  9996
2 70253  70.0000 120.0000 0001000   0.0000 222.0000 14.98995063    00
STARLINK-D-12-13
1 70254U 26001A   26200.00000000  .00000000  00000-0  00000-0 0  9997
2 70254  70.0000 120.0000 0001000   0.0000 240.0000 14.98995063    01
STARLINK-D-12-14
1 70255U 26001A   26200.00000000  .00000000  00000-0  00000-0 0  9998
2 70255  70.0000 120.0000 0001000   0.0000 258.0000 14.98995063    01
STARLINK-D-12-15
1 70256U 26001A   26200.00000000  .00000000  00000-0  00000-0 0  9999
2 70256  70.0000 120.0000 0001000   0.0000 276.0000 14.98995063    02
STARLINK-D-12-16
1 70257U 26001A   26200.00000000  .00000000  00000-0  00000-0 0  9990
2 70257  70.0000 120.0000 0001000   0.0000 294.0000 14.98995063    03
STARLINK-D-12-17
1 70258U 26001A   26200.00000000  .00000000  00000-0  00000-0 0  9991
2 70258  70.0000 120.0000 0001000   0.0000 312.0000 14.98995063    05
STARLINK-D-12-18
1 70259U 26001A   26200.00000000  .00000000  00000-0  00000-0 0  9992
2 70259  70.0000 120.0000 0001000   0.0000 330.0000 14.98995063    06
STARLINK-D-12-19
1 70260U 26001A   26200.00000000  .00000000  00000-0  00000-0 0  9994
2 70260  70.0000 120.0000 0001000   0.0000 348.0000 14.98995063    07
STARLINK-D-13-00
1 70261U 26001A   26200.00000000  .00000000  00000-0  00000-0 0  9995
2 70261  70.0000 130.0000 0001000   0.0000   6.5000 14.98995063    05
STARLINK-D-13-01
1 70262U 26001A   26200.00000000  .00000000  00000-0  00000-0 0  9996
2 70262  70.0000 130.0000 0001000   0.0000  24.5000 14.98995063    06
STARLINK-D-13-02
1 70263U 26001A   26200.00000000  .00000000  00000-0  00000-0 0  9997
2 70263  70.0000 130.0000 0001000   0.0000  42.5000 14.98995063    07
STARLINK-D-13-03
1 70264U 26001A   26200.00000000  .00000000  00000-0  00000-0 0  9998
2 70264  70.0000 130.0000 0001000   0.0000  60.5000 14.98995063    08
STARLINK-D-13-04
1 70265U 26001A   26200.00000000  .00000000  00000-0  00000-0 0  9999
2 70265  70.0000 130.0000 0001000   0.0000  78.5000 14.98995063    08
STARLINK-D-13-05
1 70266U 26001A   26200.00000000  .00000000  00000-0  00000-0 0  9990
2 70266  70.0000 130.0000 0001000   0.0000  96.5000 14.98995063    09
STARLINK-D-13-06
1 70267U 26001A   26200.00000000  .00000000  00000-0  00000-0 0  9991
2 70267  70.0000 130.0000 0001000   0.0000 114.5000 14.98995063    01
STARLINK-D-13-07
1 70268U 26001A   26200.00000000  .00000000  00000-0  00000-0 0  9992
2 70268  70.0000 130.0000 0001000   0.0000 132.5000 14.98995063    02
STARLINK-D-13-08
1 70269U 26001A   26200.00000000  .00000000  00000-0  00000-0 0  9993
2 70269  70.0000 130.0000 0001000   0.0000 150.5000 14.98995063    03
STARLINK-D-13-09
1 70270U 26001A   26200.00000000  .00000000  00000-0  00000-0 0  9995
2 70270  70.0000 130.0000 0001000   0.0000 168.5000 14.98995063    04
STARLINK-D-13-10
1 70271U 26001A   26200.00000000  .00000000  00000-0  00000-0 0  9996
2 70271  70.0000 130.0000 0001000   0.0000 186.5000 14.98995063    05
STARLINK-D-13-11
1 70272U 26001A   26200.00000000  .00000000  00000-0  00000-0 0  9997
2 70272  70.0000 130.0000 0001000   0.0000 204.5000 14.98995063    07
STARLINK-D-13-12
1 70273U 26001A   26200.00000000  .00000000  00000-0  00000-0 0  9998
2 70273  70.0000 130.0000 0001000   0.0000 222.5000 14.98995063    08
STARLINK-D-13-13
1 70274U 26001A   26200.00000000  .00000000  00000-0  00000-0 0  9999
2 70274  70.0000 130.0000 0001000   0.0000 240.5000 14.98995063    09
STARLINK-D-13-14
1 70275U 26001A   26200.00000000  .00000000  00000-0  00000-0 0  9990
2 70275  70.0000 130.0000 0001000   0.0000 258.5000 14.98995063    09
STARLINK-D-13-15
1 70276U 26001A   26200.00000000  .00000000  00000-0  00000-0 0  9991
2 70276  70.0000 130.0000 0001000   0.0000 276.5000 14.98995063    00
STARLINK-D-13-16
1 70277U 26001A   26200.00000000  .00000000  00000-0  00000-0 0  9992
2 70277  70.0000 130.0000 0001000   0.0000 294.5000 14.98995063    01
STARLINK-D-13-17
1 70278U 26001A   26200.00000000  .00000000  00000-0  00000-0 0  9993
2 70278  70.0000 130.0000 0001000   0.0000 312.5000 14.98995063    03
STARLINK-D-13-18
1 70279U 26001A   26200.00000000  .00000000  00000-0  00000-0 0  9994
2 70279  70.0000 130.0000 0001000   0.0000 330.5000 14.98995063    04
STARLINK-D-13-19
1 70280U 26001A   26200.00000000  .00000000  00000-0  00000-0 0  9996
2 70280  70.0000 130.0000 0001000   0.0000 348.5000 14.98995063    05
STARLINK-D-14-00
1 70281U 26001A   26200.00000000  .00000000  00000-0  00000-0 0  9997
2 70281  70.0000 140.0000 0001000   0.0000   7.0000 14.98995063    04
STARLINK-D-14-01
1 70282U 26001A   26200.00000000  .00000000  00000-0  00000-0 0  9998
2 70282  70.0000 140.0000 0001000   0.0000  25.0000 14.98995063    05
STARLINK-D-14-02
1 70283U 26001A   26200.00000000  .00000000  00000-0  00000-0 0  9999
2 70283  70.0000 140.0000 0001000   0.0000  43.0000 14.98995063    06
STARLINK-D-14-03
1 70284U 26001A   26200.00000000  .00000000  00000-0  00000-0 0  9990
2 70284  70.0000 140.0000 0001000   0.0000  61.0000 14.98995063    07
STARLINK-D-14-04
1 70285U 26001A   26200.00000000  .00000000  00000-0  00000-0 0  9991
2 70285  70.0000 140.0000 0001000   0.0000  79.0000 14.98995063    07
STARLINK-D-14-05
1 70286U 26001A   26200.00000000  .00000000  00000-0  00000-0 0  9992
2 70286  70.0000 140.0000 0001000   0.0000  97.0000 14.98995063    08
STARLINK-D-14-06
1 70287U 26001A   26200.00000000  .00000000  00000-0  00000-0 0  9993
2 70287  70.0000 140.0000 0001000   0.0000 115.0000 14.98995063    00
STARLINK-D-14-07
1 70288U 26001A   26200.00000000  .00000000  00000-0  00000-0 0  9994
2 70288  70.0000 140.0000 0001000   0.0000 133.0000 14.98995063    01
STARLINK-D-14-08
1 70289U 26001A   26200.00000000  .00000000  00000-0  00000-0 0  9995
2 70289  70.0000 140.0000 0001000   0.0000 151.0000 14.98995063    02
STARLINK-D-14-09
1 70290U 26001A   26200.00000000  .00000000  00000-0  00000-0 0  9997
2 70290  70.0000 140.0000 0001000   0.0000 169.0000 14.98995063    03
STARLINK-D-14-10
1 70291U 26001A   26200.00000000  .00000000  00000-0  00000-0 0  9998
2 70291  70.0000 140.0000 0001000   0.0000 187.0000 14.98995063    04
STARLINK-D-14-11
1 70292U 26001A   26200.00000000  .00000000  00000-0  00000-0 0  9999
2 70292  70.0000 140.0000 0001000   0.0000 205.0000 14.98995063    06
STARLINK-D-14-12
1 70293U 26001A   26200.00000000  .00000000  00000-0  00000-0 0  9990
2 70293  70.0000 140.0000 0001000   0.0000 223.0000 14.98995063    07
STARLINK-D-14-13
1 70294U 26001A   26200.00000000  .00000000  00000-0  00000-0 0  9991
2 70294  70.0000 140.0000 0001000   0.0000 241.0000 14.98995063    08
STARLINK-D-14-14
1 70295U 26001A   26200.00000000  .00000000  00000-0  00000-0 0  9992
2 70295  70.0000 140.0000 0001000   0.0000 259.0000 14.98995063    08
STARLINK-D-14-15
1 70296U 26001A   26200.00000000  .00000000  00000-0  00000-0 0  9993
2 70296  70.0000 140.0000 0001000   0.0000 277.0000 14.98995063    09
STARLINK-D-14-16
1 70297U 26001A   26200.00000000  .00000000  00000-0  00000-0 0  9994
2 70297  70.0000 140.0000 0001000   0.0000 295.0000 14.98995063    00
STARLINK-D-14-17
1 70298U 26001A   26200.00000000  .00000000  00000-0  00000-0 0  9995
2 70298  70.0000 140.0000 0001000   0.0000 313.0000 14.98995063    02
STARLINK-D-14-18
1 70299U 26001A   26200.00000000  .00000000  00000-0  00000-0 0  9996
2 70299  70.0000 140.0000 0001000   0.0000 331.0000 14.98995063    03
STARLINK-D-14-19
1 70300U 26001A   26200.00000000  .00000000  00000-0  00000-0 0  9999
2 70300  70.0000 140.0000 0001000   0.0000 349.0000 14.98995063    05
STARLINK-D-15-00
1 70301U 26001A   26200.00000000  .00000000  00000-0  00000-0 0  9990
2 70301  70.0000 150.0000 0001000   0.0000   7.5000 14.98995063    03
STARLINK-D-15-01
1 70302U 26001A   26200.00000000  .00000000  00000-0  00000-0 0  9991
2 70302  70.0000 150.0000 0001000   0.0000  25.5000 14.98995063    04
STARLINK-D-15-02
1 70303U 26001A   26200.00000000  .00000000  00000-0  00000-0 0  9992
2 70303  70.0000 150.0000 0001000   0.0000  43.5000 14.98995063    05
STARLINK-D-15-03
1 70304U 26001A   26200.00000000  .00000000  00000-0  00000-0 0  9993
2 70304  70.0000 150.0000 0001000   0.0000  61.5000 14.98995063    06
STARLINK-D-15-04
1 70305U 26001A   26200.00000000  .00000000  00000-0  00000-0 0  9994
2 70305  70.0000 150.0000 0001000   0.0000  79.5000 14.98995063    06
STARLINK-D-15-05
1 70306U 26001A   26200.00000000  .00000000  00000-0  00000-0 0  9995
2 70306  70.0000 150.0000 0001000   0.0000  97.5000 14.98995063    07
STARLINK-D-15-06
1 70307U 26001A   26200.00000000  .00000000  00000-0  00000-0 0  9996
2 70307  70.0000 150.0000 0001000   0.0000 115.5000 14.98995063    09
STARLINK-D-15-07
1 70308U 26001A   26200.00000000  .00000000  00000-0  00000-0 0  9997
2 70308  70.0000 150.0000 0001000   0.0000 133.5000 14.98995063    00
STARLINK-D-15-08
1 70309U 26001A   26200.00000000  .00000000  00000-0  00000-0 0  9998
2 70309  70.0000 150.0000 0001000   0.0000 151.5000 14.98995063    01
STARLINK-D-15-09
1 70310U 26001A   26200.00000000  .00000000  00000-0  00000-0 0  9990
2 70310  70.0000 150.0000 0001000   0.0000 169.5000 14.98995063    02
STARLINK-D-15-10
1 70311U 26001A   26200.00000000  .00000000  00000-0  00000-0 0  9991
2 70311  70.0000 150.0000 0001000   0.0000 187.5000 14.98995063    03
STARLINK-D-15-11
1 70312U 26001A   26200.00000000  .00000000  00000-0  00000-0 0  9992
2 70312  70.0000 150.0000 0001000   0.0000 205.5000 14.98995063    05
STARLINK-D-15-12
1 70313U 26001A   26200.00000000  .00000000  00000-0  00000-0 0  9993
2 70313  70.0000 150.0000 0001000   0.0000 223.5000 14.98995063    06
STARLINK-D-15-13
1 70314U 26001A   26200.00000000  .00000000  00000-0  00000-0 0  9994
2 70314  70.0000 150.0000 0001000   0.0000 241.5000 14.98995063    07
STARLINK-D-15-14
1 70315U 26001A   26200.00000000  .00000000  00000-0  00000-0 0  9995
2 70315  70.0000 150.0000 0001000   0.0000 259.5000 14.98995063    07
STARLINK-D-15-15
1 70316U 26001A   26200.00000000  .00000000  00000-0  00000-0 0  9996
2 70316  70.0000 150.0000 0001000   0.0000 277.5000 14.98995063    08
STARLINK-D-15-16
1 70317U 26001A   26200.00000000  .00000000  00000-0  00000-0 0  9997
2 70317  70.0000 150.0000 0001000   0.0000 295.5000 14.98995063    09
STARLINK-D-15-17
1 70318U 26001A   26200.00000000  .00000000  00000-0  00000-0 0  9998
2 70318  70.0000 150.0000 0001000   0.0000 313.5000 14.98995063    01
STARLINK-D-15-18
1 70319U 26001A   26200.00000000  .00000000  00000-0  00000-0 0  9999
2 70319  70.0000 150.0000 0001000   0.0000 331.5000 14.98995063    02
STARLINK-D-15-19
1 70320U 26001A   26200.00000000  .00000000  00000-0  00000-0 0  9991
2 70320  70.0000 150.0000 0001000   0.0000 349.5000 14.98995063    03
STARLINK-D-16-00
1 70321U 26001A   26200.00000000  .00000000  00000-0  00000-0 0  9992
2 70321  70.0000 160.0000 0001000   0.0000   8.0000 14.98995063    02
STARLINK-D-16-01
1 70322U 26001A   26200.00000000  .00000000  00000-0  00000-0 0  9993
2 70322  70.0000 160.0000 0001000   0.0000  26.0000 14.98995063    03
STARLINK-D-16-02
1 70323U 26001A   26200.00000000  .00000000  00000-0  00000-0 0  9994
2 70323  70.0000 160.0000 0001000   0.0000  44.0000 14.98995063    04
STARLINK-D-16-03
1 70324U 26001A   26200.00000000  .00000000  00000-0  00000-0 0  9995
2 70324  70.0000 160.0000 0001000   0.0000  62.0000 14.98995063    05
STARLINK-D-16-04
1 70325U 26001A   26200.00000000  .00000000  00000-0  00000-0 0  9996
2 70325  70.0000 160.0000 0001000   0.0000  80.0000 14.98995063    06
STARLINK-D-16-05
1 70326U 26001A   26200.00000000  .00000000  00000-0  00000-0 0  9997
2 70326  70.0000 160.0000 0001000   0.0000  98.0000 14.98995063    06
STARLINK-D-16-06
1 70327U 26001A   26200.00000000  .00000000  00000-0  00000-0 0  9998
2 70327  70.0000 160.0000 0001000   0.0000 116.0000 14.98995063    08
STARLINK-D-16-07
1 70328U 26001A   26200.00000000  .00000000  00000-0  00000-0 0  9999
2 70328  70.0000 160.0000 0001000   0.0000 134.0000 14.98995063    09
STARLINK-D-16-08
1 70329U 26001A   26200.00000000  .00000000  00000-0  00000-0 0  9990
2 70329  70.0000 160.0000 0001000   0.0000 152.0000 14.98995063    00
STARLINK-D-16-09
1 70330U 26001A   26200.00000000  .00000000  00000-0  00000-0 0  9992
2 70330  70.0000 160.0000 0001000   0.0000 170.0000 14.98995063    02
STARLINK-D-16-10
1 70331U 26001A   26200.00000000  .00000000  00000-0  00000-0 0  9993
2 70331  70.0000 160.0000 0001000   0.0000 188.0000 14.98995063    02
STARLINK-D-16-11
1 70332U 26001A   26200.00000000  .00000000  00000-0  00000-0 0  9994
2 70332  70.0000 160.0000 0001000   0.0000 206.0000 14.98995063    04
STARLINK-D-16-12
1 70333U 26001A   26200.00000000  .00000000  00000-0  00000-0 0  9995
2 70333  70.0000 160.0000 0001000   0.0000 224.0000 14.98995063    05
STARLINK-D-16-13
1 70334U 26001A   26200.00000000  .00000000  00000-0  00000-0 0  9996
2 70334  70.0000 160.0000 0001000   0.0000 242.0000 14.98995063    06
STARLINK-D-16-14
1 70335U 26001A   26200.00000000  .00000000  00000-0  00000-0 0  9997
2 70335  70.0000 160.0000 0001000   0.0000 260.0000 14.98995063    07
STARLINK-D-16-15
1 70336U 26001A   26200.00000000  .00000000  00000-0  00000-0 0  9998
2 70336  70.0000 160.0000 0001000   0.0000 278.0000 14.98995063    07
STARLINK-D-16-16
1 70337U 26001A   26200.00000000  .00000000  00000-0  00000-0 0  9999
2 70337  70.0000 160.0000 0001000   0.0000 296.0000 14.98995063    08
STARLINK-D-16-17
1 70338U 26001A   26200.00000000  .00000000  00000-0  00000-0 0  9990
2 70338  70.0000 160.0000 0001000   0.0000 314.0000 14.98995063    00
STARLINK-D-16-18
1 70339U 26001A   26200.00000000  .00000000  00000-0  00000-0 0  9991
2 70339  70.0000 160.0000 0001000   0.0000 332.0000 14.98995063    01
STARLINK-D-16-19
1 70340U 26001A   26200.00000000  .00000000  00000-0  00000-0 0  9993
2 70340  70.0000 160.0000 0001000   0.0000 350.0000 14.98995063    03
STARLINK-D-17-00
1 70341U 26001A   26200.00000000  .00000000  00000-0  00000-0 0  9994
2 70341  70.0000 170.0000 0001000   0.0000   8.5000 14.98995063    00
STARLINK-D-17-01
1 70342U 26001A   26200.00000000  .00000000  00000-0  00000-0 0  9995
2 70342  70.0000 170.0000 0001000   0.0000  26.5000 14.98995063    01
STARLINK-D-17-02
1 70343U 26001A   26200.00000000  .00000000  00000-0  00000-0 0  9996
2 70343  70.0000 170.0000 0001000   0.0000  44.5000 14.98995063    02
STARLINK-D-17-03
1 70344U 26001A   26200.00000000  .00000000  00000-0  00000-0 0  9997
2 70344  70.0000 170.0000 0001000   0.0000  62.5000 14.98995063    03
STARLINK-D-17-04
1 70345U 26001A   26200.00000000  .00000000  00000-0  00000-0 0  9998
2 70345  70.0000 170.0000 0001000   0.0000  80.5000 14.98995063    04
STARLINK-D-17-05
1 70346U 26001A   26200.00000000  .00000000  00000-0  00000-0 0  9999
2 70346  70.0000 170.0000 0001000   0.0000  98.5000 14.98995063    04
STARLINK-D-17-06
1 70347U 26001A   26200.00000000  .00000000  00000-0  00000-0 0  9990
2 70347  70.0000 170.0000 0001000   0.0000 116.5000 14.98995063    06
STARLINK-D-17-07
1 70348U 26001A   26200.00000000  .00000000  00000-0  00000-0 0  9991
2 70348  70.0000 170.0000 0001000   0.0000 134.5000 14.98995063    07
STARLINK-D-17-08
1 70349U 26001A   26200.00000000  .00000000  00000-0  00000-0 0  9992
2 70349  70.0000 170.0000 0001000   0.0000 152.5000 14.98995063    08
STARLINK-D-17-09
1 70350U 26001A   26200.00000000  .00000000  00000-0  00000-0 0  9994
2 70350  70.0000 170.0000 0001000   0.0000 170.5000 14.98995063    00
STARLINK-D-17-10
1 70351U 26001A   26200.00000000  .00000000  00000-0  00000-0 0  9995
2 70351  70.0000 170.0000 0001000   0.0000 188.5000 14.98995063    00
STARLINK-D-17-11
1 70352U 26001A   26200.00000000  .00000000  00000-0  00000-0 0  9996
2 70352  70.0000 170.0000 0001000   0.0000 206.5000 14.98995063    02
STARLINK-D-17-12
1 70353U 26001A   26200.00000000  .00000000  00000-0  00000-0 0  9997
2 70353  70.0000 170.0000 0001000   0.0000 224.5000 14.98995063    03
STARLINK-D-17-13
1 70354U 26001A   26200.00000000  .00000000  00000-0  00000-0 0  9998
2 70354  70.0000 170.0000 0001000   0.0000 242.5000 14.98995063    04
STARLINK-D-17-14
1 70355U 26001A   26200.00000000  .00000000  00000-0  00000-0 0  9999
2 70355  70.0000 170.0000 0001000   0.0000 260.5000 14.98995063    05
STARLINK-D-17-15
1 70356U 26001A   26200.00000000  .00000000  00000-0  00000-0 0  9990
2 70356  70.0000 170.0000 0001000   0.0000 278.5000 14.98995063    05
STARLINK-D-17-16
1 70357U 26001A   26200.00000000  .00000000  00000-0  00000-0 0  9991
2 70357  70.0000 170.0000 0001000   0.0000 296.5000 14.98995063    06
STARLINK-D-17-17
1 70358U 26001A   26200.00000000  .00000000  00000-0  00000-0 0  9992
2 70358  70.0000 170.0000 0001000   0.0000 314.5000 14.98995063    08
STARLINK-D-17-18
1 70359U 26001A   26200.00000000  .00000000  00000-0  00000-0 0  9993
2 70359  70.0000 170.0000 0001000   0.0000 332.5000 14.98995063    09
STARLINK-D-17-19
1 70360U 26001A   26200.00000000  .00000000  00000-0  00000-0 0  9995
2 70360  70.0000 170.0000 0001000   0.0000 350.5000 14.98995063    01
STARLINK-D-18-00
1 70361U 26001A   26200.00000000  .00000000  00000-0  00000-0 0  9996
2 70361  70.0000 180.0000 0001000   0.0000   9.0000 14.98995063    09
STARLINK-D-18-01
1 70362U 26001A   26200.00000000  .00000000  00000-0  00000-0 0  9997
2 70362  70.0000 180.0000 0001000   0.0000  27.0000 14.98995063    00
STARLINK-D-18-02
1 70363U 26001A   26200.00000000  .00000000  00000-0  00000-0 0  9998
2 70363  70.0000 180.0000 0001000   0.0000  45.0000 14.98995063    01
STARLINK-D-18-03
1 70364U 26001A   26200.00000000  .00000000  00000-0  00000-0 0  9999
2 70364  70.0000 180.0000 0001000   0.0000  63.0000 14.98995063    02
STARLINK-D-18-04
1 70365U 26001A   26200.00000000  .00000000  00000-0  00000-0 0  9990
2 70365  70.0000 180.0000 0001000   0.0000  81.0000 14.98995063    03
STARLINK-D-18-05
1 70366U 26001A   26200.00000000  .00000000  00000-0  00000-0 0  9991
2 70366  70.0000 180.0000 0001000   0.0000  99.0000 14.98995063    03
STARLINK-D-18-06
1 70367U 26001A   26200.00000000  .00000000  00000-0  00000-0 0  9992
2 70367  70.0000 180.0000 0001000   0.0000 117.0000 14.98995063    05
STARLINK-D-18-07
1 70368U 26001A   26200.00000000  .00000000  00000-0  00000-0 0  9993
2 70368  70.0000 180.0000 0001000   0.0000 135.0000 14.98995063    06
STARLINK-D-18-08
1 70369U 26001A   26200.00000000  .00000000  00000-0  00000-0 0  9994
2 70369  70.0000 180.0000 0001000   0.0000 153.0000 14.98995063    07
STARLINK-D-18-09
1 70370U 26001A   26200.00000000  .00000000  00000-0  00000-0 0  9996
2 70370  70.0000 180.0000 0001000   0.0000 171.0000 14.98995063    09
STARLINK-D-18-10
1 70371U 26001A   26200.00000000  .00000000  00000-0  00000-0 0  9997
2 70371  70.0000 180.0000 0001000   0.0000 189.0000 14.98995063    09
STARLINK-D-18-11
1 70372U 26001A   26200.00000000  .00000000  00000-0  00000-0 0  9998
2 70372  70.0000 180.0000 0001000   0.0000 207.0000 14.98995063    01
STARLINK-D-18-12
1 70373U 26001A   26200.00000000  .00000000  00000-0  00000-0 0  9999
2 70373  70.0000 180.0000 0001000   0.0000 225.0000 14.98995063    02
STARLINK-D-18-13
1 70374U 26001A   26200.00000000  .00000000  00000-0  00000-0 0  9990
2 70374  70.0000 180.0000 0001000   0.0000 243.0000 14.98995063    03
STARLINK-D-18-14
1 70375U 26001A   26200.00000000  .00000000  00000-0  00000-0 0  9991
2 70375  70.0000 180.0000 0001000   0.0000 261.0000 14.98995063    04
STARLINK-D-18-15
1 70376U 26001A   26200.00000000  .00000000  00000-0  00000-0 0  9992
2 70376  70.0000 180.0000 0001000   0.0000 279.0000 14.98995063    04
STARLINK-D-18-16
1 70377U 26001A   26200.00000000  .00000000  00000-0  00000-0 0  9993
2 70377  70.0000 180.0000 0001000   0.0000 297.0000 14.98995063    05
STARLINK-D-18-17
1 70378U 26001A   26200.00000000  .00000000  00000-0  00000-0 0  9994
2 70378  70.0000 180.0000 0001000   0.0000 315.0000 14.98995063    07
STARLINK-D-18-18
1 70379U 26001A   26200.00000000  .00000000  00000-0  00000-0 0  9995
2 70379  70.0000 180.0000 0001000   0.0000 333.0000 14.98995063    08
STARLINK-D-18-19
1 70380U 26001A   26200.00000000  .00000000  00000-0  00000-0 0  9997
2 70380  70.0000 180.0000 0001000   0.0000 351.0000 14.98995063    00
STARLINK-D-19-00
1 70381U 26001A   26200.00000000  .00000000  00000-0  00000-0 0  9998
2 70381  70.0000 190.0000 0001000   0.0000   9.5000 14.98995063    07
STARLINK-D-19-01
1 70382U 26001A   26200.00000000  .00000000  00000-0  00000-0 0  9999
2 70382  70.0000 190.0000 0001000   0.0000  27.5000 14.98995063    08
STARLINK-D-19-02
1 70383U 26001A   26200.00000000  .00000000  00000-0  00000-0 0  9990
2 70383  70.0000 190.0000 0001000   0.0000  45.5000 14.98995063    09
STARLINK-D-19-03
1 70384U 26001A   26200.00000000  .00000000  00000-0  00000-0 0  9991
2 70384  70.0000 190.0000 0001000   0.0000  63.5000 14.98995063    00
STARLINK-D-19-04
1 70385U 26001A   26200.00000000  .00000000  00000-0  00000-0 0  9992
2 70385  70.0000 190.0000 0001000   0.0000  81.5000 14.98995063    01
STARLINK-D-19-05
1 70386U 26001A   26200.00000000  .00000000  00000-0  00000-0 0  9993
2 70386  70.0000 190.0000 0001000   0.0000  99.5000 14.98995063    01
STARLINK-D-19-06
1 70387U 26001A   26200.00000000  .00000000  00000-0  00000-0 0  9994
2 70387  70.0000 190.0000 0001000   0.0000 117.5000 14.98995063    03
STARLINK-D-19-07
1 70388U 26001A   26200.00000000  .00000000  00000-0  00000-0 0  9995
2 70388  70.0000 190.0000 0001000   0.0000 135.5000 14.98995063    04
STARLINK-D-19-08
1 70389U 26001A   26200.00000000  .00000000  00000-0  00000-0 0  9996
2 70389  70.0000 190.0000 0001000   0.0000 153.5000 14.98995063    05
STARLINK-D-19-09
1 70390U 26001A   26200.00000000  .00000000  00000-0  00000-0 0  9998
2 70390  70.0000 190.0000 0001000   0.0000 171.5000 14.98995063    07
STARLINK-D-19-10
1 70391U 26001A   26200.00000000  .00000000  00000-0  00000-0 0  9999
2 70391  70.0000 190.0000 0001000   0.0000 189.5000 14.98995063    07
STARLINK-D-19-11
1 70392U 26001A   26200.00000000  .00000000  00000-0  00000-0 0  9990
2 70392  70.0000 190.0000 0001000   0.0000 207.5000 14.98995063    09
STARLINK-D-19-12
1 70393U 26001A   26200.00000000  .00000000  00000-0  00000-0 0  9991
2 70393  70.0000 190.0000 0001000   0.0000 225.5000 14.98995063    00
STARLINK-D-19-13
1 70394U 26001A   26200.00000000  .00000000  00000-0  00000-0 0  9992
2 70394  70.0000 190.0000 0001000   0.0000 243.5000 14.98995063    01
STARLINK-D-19-14
1 70395U 26001A   26200.00000000  .00000000  00000-0  00000-0 0  9993
2 70395  70.0000 190.0000 0001000   0.0000 261.5000 14.98995063    02
STARLINK-D-19-15
1 70396U 26001A   26200.00000000  .00000000  00000-0  00000-0 0  9994
2 70396  70.0000 190.0000 0001000   0.0000 279.5000 14.98995063    02
STARLINK-D-19-16
1 70397U 26001A   26200.00000000  .00000000  00000-0  00000-0 0  9995
2 70397  70.0000 190.0000 0001000   0.0000 297.5000 14.98995063    03
STARLINK-D-19-17
1 70398U 26001A   26200.00000000  .00000000  00000-0  00000-0 0  9996
2 70398  70.0000 190.0000 0001000   0.0000 315.5000 14.98995063    05
STARLINK-D-19-18
1 70399U 26001A   26200.00000000  .00000000  00000-0  00000-0 0  9997
2 70399  70.0000 190.0000 0001000   0.0000 333.5000 14.98995063    06
STARLINK-D-19-19
1 70400U 26001A   26200.00000000  .00000000  00000-0  00000-0 0  9990
2 70400  70.0000 190.0000 0001000   0.0000 351.5000 14.98995063    09
STARLINK-D-20-00
1 70401U 26001A   26200.00000000  .00000000  00000-0  00000-0 0  9991
2 70401  70.0000 200.0000 0001000   0.0000  10.0000 14.98995063    09
STARLINK-D-20-01
1 70402U 26001A   26200.00000000  .00000000  00000-0  00000-0 0  9992
2 70402  70.0000 200.0000 0001000   0.0000  28.0000 14.98995063    09
STARLINK-D-20-02
1 70403U 26001A   26200.00000000  .00000000  00000-0  00000-0 0  9993
2 70403  70.0000 200.0000 0001000   0.0000  46.0000 14.98995063    00
STARLINK-D-20-03
1 70404U 26001A   26200.00000000  .00000000  00000-0  00000-0 0  9994
2 70404  70.0000 200.0000 0001000   0.0000  64.0000 14.98995063    01
STARLINK-D-20-04
1 70405U 26001A   26200.00000000  .00000000  00000-0  00000-0 0  9995
2 70405  70.0000 200.0000 0001000   0.0000  82.0000 14.98995063    02
STARLINK-D-20-05
1 70406U 26001A   26200.00000000  .00000000  00000-0  00000-0 0  9996
2 70406  70.0000 200.0000 0001000   0.0000 100.0000 14.98995063    04
STARLINK-D-20-06
1 70407U 26001A   26200.00000000  .00000000  00000-0  00000-0 0  9997
2 70407  70.0000 200.0000 0001000   0.0000 118.0000 14.98995063    04
STARLINK-D-20-07
1 70408U 26001A   26200.00000000  .00000000  00000-0  00000-0 0  9998
2 70408  70.0000 200.0000 0001000   0.0000 136.0000 14.98995063    05
STARLINK-D-20-08
1 70409U 26001A   26200.00000000  .00000000  00000-0  00000-0 0  9999
2 70409  70.0000 200.0000 0001000   0.0000 154.0000 14.98995063    06
STARLINK-D-20-09
1 70410U 26001A   26200.00000000  .00000000  00000-0  00000-0 0  9991
2 70410  70.0000 200.0000 0001000   0.0000 172.0000 14.98995063    08
STARLINK-D-20-10
1 70411U 26001A   26200.00000000  .00000000  00000-0  00000-0 0  9992
2 70411  70.0000 200.0000 0001000   0.0000 190.0000 14.98995063    09
STARLINK-D-20-11
1 70412U 26001A   26200.00000000  .00000000  00000-0  00000-0 0  9993
2 70412  70.0000 200.0000 0001000   0.0000 208.0000 14.98995063    00
STARLINK-D-20-12
1 70413U 26001A   26200.00000000  .00000000  00000-0  00000-0 0  9994
2 70413  70.0000 200.0000 0001000   0.0000 226.0000 14.98995063    01
STARLINK-D-20-13
1 70414U 26001A   26200.00000000  .00000000  00000-0  00000-0 0  9995
2 70414  70.0000 200.0000 0001000   0.0000 244.0000 14.98995063    02
STARLINK-D-20-14
1 70415U 26001A   26200.00000000  .00000000  00000-0  00000-0 0  9996
2 70415  70.0000 200.0000 0001000   0.0000 262.0000 14.98995063    03
STARLINK-D-20-15
1 70416U 26001A   26200.00000000  .00000000  00000-0  00000-0 0  9997
2 70416  70.0000 200.0000 0001000   0.0000 280.0000 14.98995063    04
STARLINK-D-20-16
1 70417U 26001A   26200.00000000  .00000000  00000-0  00000-0 0  9998
2 70417  70.0000 200.0000 0001000   0.0000 298.0000 14.98995063    04
STARLINK-D-20-17
1 70418U 26001A   26200.00000000  .00000000  00000-0  00000-0 0  9999
2 70418  70.0000 200.0000 0001000   0.0000 316.0000 14.98995063    06
STARLINK-D-20-18
1 70419U 26001A   26200.00000000  .00000000  00000-0  00000-0 0  9990
2 70419  70.0000 200.0000 0001000   0.0000 334.0000 14.98995063    07
STARLINK-D-20-19
1 70420U 26001A   26200.00000000  .00000000  00000-0  00000-0 0  9992
2 70420  70.0000 200.0000 0001000   0.0000 352.0000 14.98995063    09
STARLINK-D-21-00
1 70421U 26001A   26200.00000000  .00000000  00000-0  00000-0 0  9993
2 70421  70.0000 210.0000 0001000   0.0000  10.5000 14.98995063    07
STARLINK-D-21-01
1 70422U 26001A   26200.00000000  .00000000  00000-0  00000-0 0  9994
2 70422  70.0000 210.0000 0001000   0.0000  28.5000 14.98995063    07
STARLINK-D-21-02
1 70423U 26001A   26200.00000000  .00000000  00000-0  00000-0 0  9995
2 70423  70.0000 210.0000 0001000   0.0000  46.5000 14.98995063    08
STARLINK-D-21-03
1 70424U 26001A   26200.00000000  .00000000  00000-0  00000-0 0  9996
2 70424  70.0000 210.0000 0001000   0.0000  64.5000 14.98995063    09
STARLINK-D-21-04
1 70425U 26001A   26200.00000000  .00000000  00000-0  00000-0 0  9997
2 70425  70.0000 210.0000 0001000   0.0000  82.5000 14.98995063    00
STARLINK-D-21-05
1 70426U 26001A   26200.00000000  .00000000  00000-0  00000-0 0  9998
2 70426  70.0000 210.0000 0001000   0.0000 100.5000 14.98995063    02
STARLINK-D-21-06
1 70427U 26001A   26200.00000000  .00000000  00000-0  00000-0 0  9999
2 70427  70.0000 210.0000 0001000   0.0000 118.5000 14.98995063    02
STARLINK-D-21-07
1 70428U 26001A   26200.00000000  .00000000  00000-0  00000-0 0  9990
2 70428  70.0000 210.0000 0001000   0.0000 136.5000 14.98995063    03
STARLINK-D-21-08
1 70429U 26001A   26200.00000000  .00000000  00000-0  00000-0 0  9991
2 70429  70.0000 210.0000 0001000   0.0000 154.5000 14.98995063    04
STARLINK-D-21-09
1 70430U 26001A   26200.00000000  .00000000  00000-0  00000-0 0  9993
2 70430  70.0000 210.0000 0001000   0.0000 172.5000 14.98995063    06
STARLINK-D-21-10
1 70431U 26001A   26200.00000000  .00000000  00000-0  00000-0 0  9994
2 70431  70.0000 210.0000 0001000   0.0000 190.5000 14.98995063    07
STARLINK-D-21-11
1 70432U 26001A   26200.00000000  .00000000  00000-0  00000-0 0  9995
2 70432  70.0000 210.0000 0001000   0.0000 208.5000 14.98995063    08
STARLINK-D-21-12
1 70433U 26001A   26200.00000000  .00000000  00000-0  00000-0 0  9996
2 70433  70.0000 210.0000 0001000   0.0000 226.5000 14.98995063    09
STARLINK-D-21-13
1 70434U 26001A   26200.00000000  .00000000  00000-0  00000-0 0  9997
2 70434  70.0000 210.0000 0001000   0.0000 244.5000 14.98995063    00
STARLINK-D-21-14
1 70435U 26001A   26200.00000000  .00000000  00000-0  00000-0 0  9998
2 70435  70.0000 210.0000 0001000   0.0000 262.5000 14.98995063    01
STARLINK-D-21-15
1 70436U 26001A   26200.00000000  .00000000  00000-0  00000-0 0  9999
2 70436  70.0000 210.0000 0001000   0.0000 280.5000 14.98995063    02
STARLINK-D-21-16
1 70437U 26001A   26200.00000000  .00000000  00000-0  00000-0 0  9990
2 70437  70.0000 210.0000 0001000   0.0000 298.5000 14.98995063    02
STARLINK-D-21-17
1 70438U 26001A   26200.00000000  .00000000  00000-0  00000-0 0  9991
2 70438  70.0000 210.0000 0001000   0.0000 316.5000 14.98995063    04
STARLINK-D-21-18
1 70439U 26001A   26200.00000000  .00000000  00000-0  00000-0 0  9992
2 70439  70.0000 210.0000 0001000   0.0000 334.5000 14.98995063    05
STARLINK-D-21-19
1 70440U 26001A   26200.00000000  .00000000  00000-0  00000-0 0  9994
2 70440  70.0000 210.0000 0001000   0.0000 352.5000 14.98995063    07
STARLINK-D-22-00
1 70441U 26001A   26200.00000000  .00000000  00000-0  00000-0 0  9995
2 70441  70.0000 220.0000 0001000   0.0000  11.0000 14.98995063    06
STARLINK-D-22-01
1 70442U 26001A   26200.00000000  .00000000  00000-0  00000-0 0  9996
2 70442  70.0000 220.0000 0001000   0.0000  29.0000 14.98995063    06
STARLINK-D-22-02
1 70443U 26001A   26200.00000000  .00000000  00000-0  00000-0 0  9997
2 70443  70.0000 220.0000 0001000   0.0000  47.0000 14.98995063    07
STARLINK-D-22-03
1 70444U 26001A   26200.00000000  .00000000  00000-0  00000-0 0  9998
2 70444  70.0000 220.0000 0001000   0.0000  65.0000 14.98995063    08
STARLINK-D-22-04
1 70445U 26001A   26200.00000000  .00000000  00000-0  00000-0 0  9999
2 70445  70.0000 220.0000 0001000   0.0000  83.0000 14.98995063    09
STARLINK-D-22-05
1 70446U 26001A   26200.00000000  .00000000  00000-0  00000-0 0  9990
2 70446  70.0000 220.0000 0001000   0.0000 101.0000 14.98995063    01
STARLINK-D-22-06
1 70447U 26001A   26200.00000000  .00000000  00000-0  00000-0 0  9991
2 70447  70.0000 220.0000 0001000   0.0000 119.0000 14.98995063    01
STARLINK-D-22-07
1 70448U 26001A   26200.00000000  .00000000  00000-0  00000-0 0  9992
2 70448  70.0000 220.0000 0001000   0.0000 137.0000 14.98995063    02
STARLINK-D-22-08
1 70449U 26001A   26200.00000000  .00000000  00000-0  00000-0 0  9993
2 70449  70.0000 220.0000 0001000   0.0000 155.0000 14.98995063    03
STARLINK-D-22-09
1 70450U 26001A   26200.00000000  .00000000  00000-0  00000-0 0  9995
2 70450  70.0000 220.0000 0001000   0.0000 173.0000 14.98995063    05
STARLINK-D-22-10
1 70451U 26001A   26200.00000000  .00000000  00000-0  00000-0 0  9996
2 70451  70.0000 220.0000 0001000   0.0000 191.0000 14.98995063    06
STARLINK-D-22-11
1 70452U 26001A   26200.00000000  .00000000  00000-0  00000-0 0  9997
2 70452  70.0000 220.0000 0001000   0.0000 209.0000 14.98995063    07
STARLINK-D-22-12
1 70453U 26001A   26200.00000000  .00000000  00000-0  00000-0 0  9998
2 70453  70.0000 220.0000 0001000   0.0000 227.0000 14.98995063    08
STARLINK-D-22-13
1 70454U 26001A   26200.00000000  .00000000  00000-0  00000-0 0  9999
2 70454  70.0000 220.0000 0001000   0.0000 245.0000 14.98995063    09
STARLINK-D-22-14
1 70455U 26001A   26200.00000000  .00000000  00000-0  00000-0 0  9990
2 70455  70.0000 220.0000 0001000   0.0000 263.0000 14.98995063    00
STARLINK-D-22-15
1 70456U 26001A   26200.00000000  .00000000  00000-0  00000-0 0  9991
2 70456  70.0000 220.0000 0001000   0.0000 281.0000 14.98995063    01
STARLINK-D-22-16
1 70457U 26001A   26200.00000000  .00000000  00000-0  00000-0 0  9992
2 70457  70.0000 220.0000 0001000   0.0000 299.0000 14.98995063    01
STARLINK-D-22-17
1 70458U 26001A   26200.00000000  .00000000  00000-0  00000-0 0  9993
2 70458  70.0000 220.0000 0001000   0.0000 317.0000 14.98995063    03
STARLINK-D-22-18
1 70459U 26001A   26200.00000000  .00000000  00000-0  00000-0 0  9994
2 70459  70.0000 220.0000 0001000   0.0000 335.0000 14.98995063    04
STARLINK-D-22-19
1 70460U 26001A   26200.00000000  .00000000  00000-0  00000-0 0  9996
2 70460  70.0000 220.0000 0001000   0.0000 353.0000 14.98995063    06
STARLINK-D-23-00
1 70461U 26001A   26200.00000000  .00000000  00000-0  00000-0 0  9997
2 70461  70.0000 230.0000 0001000   0.0000  11.5000 14.98995063    04
STARLINK-D-23-01
1 70462U 26001A   26200.00000000  .00000000  00000-0  00000-0 0  9998
2 70462  70.0000 230.0000 0001000   0.0000  29.5000 14.98995063    04
STARLINK-D-23-02
1 70463U 26001A   26200.00000000  .00000000  00000-0  00000-0 0  9999
2 70463  70.0000 230.0000 0001000   0.0000  47.5000 14.98995063    05
STARLINK-D-23-03
1 70464U 26001A   26200.00000000  .00000000  00000-0  00000-0 0  9990
2 70464  70.0000 230.0000 0001000   0.0000  65.5000 14.98995063    06
STARLINK-D-23-04
1 70465U 26001A   26200.00000000  .00000000  00000-0  00000-0 0  9991
2 70465  70.0000 230.0000 0001000   0.0000  83.5000 14.98995063    07
STARLINK-D-23-05
1 70466U 26001A   26200.00000000  .00000000  00000-0  00000-0 0  9992
2 70466  70.0000 230.0000 0001000   0.0000 101.5000 14.98995063    09
STARLINK-D-23-06
1 70467U 26001A   26200.00000000  .00000000  00000-0  00000-0 0  9993
2 70467  70.0000 230.0000 0001000   0.0000 119.5000 14.98995063    09
STARLINK-D-23-07
1 70468U 26001A   26200.00000000  .00000000  00000-0  00000-0 0  9994
2 70468  70.0000 230.0000 0001000   0.0000 137.5000 14.98995063    00
STARLINK-D-23-08
1 70469U 26001A   26200.00000000  .00000000  00000-0  00000-0 0  9995
2 70469  70.0000 230.0000 0001000   0.0000 155.5000 14.98995063    01
STARLINK-D-23-09
1 70470U 26001A   26200.00000000  .00000000  00000-0  00000-0 0  9997
2 70470  70.0000 230.0000 0001000   0.0000 173.5000 14.98995063    03
STARLINK-D-23-10
1 70471U 26001A   26200.00000000  .00000000  00000-0  00000-0 0  9998
2 70471  70.0000 230.0000 0001000   0.0000 191.5000 14.98995063    04
STARLINK-D-23-11
1 70472U 26001A   26200.00000000  .00000000  00000-0  00000-0 0  9999
2 70472  70.0000 230.0000 0001000   0.0000 209.5000 14.98995063    05
STARLINK-D-23-12
1 70473U 26001A   26200.00000000  .00000000  00000-0  00000-0 0  9990
2 70473  70.0000 230.0000 0001000   0.0000 227.5000 14.98995063    06
STARLINK-D-23-13
1 70474U 26001A   26200.00000000  .00000000  00000-0  00000-0 0  9991
2 70474  70.0000 230.0000 0001000   0.0000 245.5000 14.98995063    07
STARLINK-D-23-14
1 70475U 26001A   26200.00000000  .00000000  00000-0  00000-0 0  9992
2 70475  70.0000 230.0000 0001000   0.0000 263.5000 14.98995063    08
STARLINK-D-23-15
1 70476U 26001A   26200.00000000  .00000000  00000-0  00000-0 0  9993
2 70476  70.0000 230.0000 0001000   0.0000 281.5000 14.98995063    09
STARLINK-D-23-16
1 70477U 26001A   26200.00000000  .00000000  00000-0  00000-0 0  9994
2 70477  70.0000 230.0000 0001000   0.0000 299.5000 14.98995063    09
STARLINK-D-23-17
1 70478U 26001A   26200.00000000  .00000000  00000-0  00000-0 0  9995
2 70478  70.0000 230.0000 0001000   0.0000 317.5000 14.98995063    01
STARLINK-D-23-18
1 70479U 26001A   26200.00000000  .00000000  00000-0  00000-0 0  9996
2 70479  70.0000 230.0000 0001000   0.0000 335.5000 14.98995063    02
STARLINK-D-23-19
1 70480U 26001A   26200.00000000  .00000000  00000-0  00000-0 0  9998
2 70480  70.0000 230.0000 0001000   0.0000 353.5000 14.98995063    04
STARLINK-D-24-00
1 70481U 26001A   26200.00000000  .00000000  00000-0  00000-0 0  9999
2 70481  70.0000 240.0000 0001000   0.0000  12.0000 14.98995063    03
STARLINK-D-24-01
1 70482U 26001A   26200.00000000  .00000000  00000-0  00000-0 0  9990
2 70482  70.0000 240.0000 0001000   0.0000  30.0000 14.98995063    04
STARLINK-D-24-02
1 70483U 26001A   26200.00000000  .00000000  00000-0  00000-0 0  9991
2 70483  70.0000 240.0000 0001000   0.0000  48.0000 14.98995063    04
STARLINK-D-24-03
1 70484U 26001A   26200.00000000  .00000000  00000-0  00000-0 0  9992
2 70484  70.0000 240.0000 0001000   0.0000  66.0000 14.98995063    05
STARLINK-D-24-04
1 70485U 26001A   26200.00000000  .00000000  00000-0  00000-0 0  9993
2 70485  70.0000 240.0000 0001000   0.0000  84.0000 14.98995063    06
STARLINK-D-24-05
1 70486U 26001A   26200.00000000  .00000000  00000-0  00000-0 0  9994
2 70486  70.0000 240.0000 0001000   0.0000 102.0000 14.98995063    08
STARLINK-D-24-06
1 70487U 26001A   26200.00000000  .00000000  00000-0  00000-0 0  9995
2 70487  70.0000 240.0000 0001000   0.0000 120.0000 14.98995063    09
STARLINK-D-24-07
1 70488U 26001A   26200.00000000  .00000000  00000-0  00000-0 0  9996
2 70488  70.0000 240.0000 0001000   0.0000 138.0000 14.98995063    09
STARLINK-D-24-08
1 70489U 26001A   26200.00000000  .00000000  00000-0  00000-0 0  9997
2 70489  70.0000 240.0000 0001000   0.0000 156.0000 14.98995063    00
STARLINK-D-24-09
1 70490U 26001A   26200.00000000  .00000000  00000-0  00000-0 0  9999
2 70490  70.0000 240.0000 0001000   0.0000 174.0000 14.98995063    02
STARLINK-D-24-10
1 70491U 26001A   26200.00000000  .00000000  00000-0  00000-0 0  9990
2 70491  70.0000 240.0000 0001000   0.0000 192.0000 14.98995063    03
STARLINK-D-24-11
1 70492U 26001A   26200.00000000  .00000000  00000-0  00000-0 0  9991
2 70492  70.0000 240.0000 0001000   0.0000 210.0000 14.98995063    05
STARLINK-D-24-12
1 70493U 26001A   26200.00000000  .00000000  00000-0  00000-0 0  9992
2 70493  70.0000 240.0000 0001000   0.0000 228.0000 14.98995063    05
STARLINK-D-24-13
1 70494U 26001A   26200.00000000  .00000000  00000-0  00000-0 0  9993
2 70494  70.0000 240.0000 0001000   0.0000 246.0000 14.98995063    06
STARLINK-D-24-14
1 70495U 26001A   26200.00000000  .00000000  00000-0  00000-0 0  9994
2 70495  70.0000 240.0000 0001000   0.0000 264.0000 14.98995063    07
STARLINK-D-24-15
1 70496U 26001A   26200.00000000  .00000000  00000-0  00000-0 0  9995
2 70496  70.0000 240.0000 0001000   0.0000 282.0000 14.98995063    08
STARLINK-D-24-16
1 70497U 26001A   26200.00000000  .00000000  00000-0  00000-0 0  9996
2 70497  70.0000 240.0000 0001000   0.0000 300.0000 14.98995063    00
STARLINK-D-24-17
1 70498U 26001A   26200.00000000  .00000000  00000-0  00000-0 0  9997
2 70498  70.0000 240.0000 0001000   0.0000 318.0000 14.98995063    00
STARLINK-D-24-18
1 70499U 26001A   26200.00000000  .00000000  00000-0  00000-0 0  9998
2 70499  70.0000 240.0000 0001000   0.0000 336.0000 14.98995063    01
STARLINK-D-24-19
1 70500U 26001A   26200.00000000  .00000000  00000-0  00000-0 0  9991
2 70500  70.0000 240.0000 0001000   0.0000 354.0000 14.98995063    04
STARLINK-D-25-00
1 70501U 26001A   26200.00000000  .00000000  00000-0  00000-0 0  9992
2 70501  70.0000 250.0000 0001000   0.0000  12.5000 14.98995063    02
STARLINK-D-25-01
1 70502U 26001A   26200.00000000  .00000000  00000-0  00000-0 0  9993
2 70502  70.0000 250.0000 0001000   0.0000  30.5000 14.98995063    03
STARLINK-D-25-02
1 70503U 26001A   26200.00000000  .00000000  00000-0  00000-0 0  9994
2 70503  70.0000 250.0000 0001000   0.0000  48.5000 14.98995063    03
STARLINK-D-25-03
1 70504U 26001A   26200.00000000  .00000000  00000-0  00000-0 0  9995
2 70504  70.0000 250.0000 0001000   0.0000  66.5000 14.98995063    04
STARLINK-D-25-04
1 70505U 26001A   26200.00000000  .00000000  00000-0  00000-0 0  9996
2 70505  70.0000 250.0000 0001000   0.0000  84.5000 14.98995063    05
STARLINK-D-25-05
1 70506U 26001A   26200.00000000  .00000000  00000-0  00000-0 0  9997
2 70506  70.0000 250.0000 0001000   0.0000 102.5000 14.98995063    07
STARLINK-D-25-06
1 70507U 26001A   26200.00000000  .00000000  00000-0  00000-0 0  9998
2 70507  70.0000 250.0000 0001000   0.0000 120.5000 14.98995063    08
STARLINK-D-25-07
1 70508U 26001A   26200.00000000  .00000000  00000-0  00000-0 0  9999
2 70508  70.0000 250.0000 0001000   0.0000 138.5000 14.98995063    08
STARLINK-D-25-08
1 70509U 26001A   26200.00000000  .00000000  00000-0  00000-0 0  9990
2 70509  70.0000 250.0000 0001000   0.0000 156.5000 14.98995063    09
STARLINK-D-25-09
1 70510U 26001A   26200.00000000  .00000000  00000-0  00000-0 0  9992
2 70510  70.0000 250.0000 0001000   0.0000 174.5000 14.98995063    01
STARLINK-D-25-10
1 70511U 26001A   26200.00000000  .00000000  00000-0  00000-0 0  9993
2 70511  70.0000 250.0000 0001000   0.0000 192.5000 14.98995063    02
STARLINK-D-25-11
1 70512U 26001A   26200.00000000  .00000000  00000-0  00000-0 0  9994
2 70512  70.0000 250.0000 0001000   0.0000 210.5000 14.98995063    04
STARLINK-D-25-12
1 70513U 26001A   26200.00000000  .00000000  00000-0  00000-0 0  9995
2 70513  70.0000 250.0000 0001000   0.0000 228.5000 14.98995063    04
STARLINK-D-25-13
1 70514U 26001A   26200.00000000  .00000000  00000-0  00000-0 0  9996
2 70514  70.0000 250.0000 0001000   0.0000 246.5000 14.98995063    05
STARLINK-D-25-14
1 70515U 26001A   26200.00000000  .00000000  00000-0  00000-0 0  9997
2 70515  70.0000 250.0000 0001000   0.0000 264.5000 14.98995063    06
STARLINK-D-25-15
1 70516U 26001A   26200.00000000  .00000000  00000-0  00000-0 0  9998
2 70516  70.0000 250.0000 0001000   0.0000 282.5000 14.98995063    07
STARLINK-D-25-16
1 70517U 26001A   26200.00000000  .00000000  00000-0  00000-0 0  9999
2 70517  70.0000 250.0000 0001000   0.0000 300.5000 14.98995063    09
STARLINK-D-25-17
1 70518U 26001A   26200.00000000  .00000000  00000-0  00000-0 0  9990
2 70518  70.0000 250.0000 0001000   0.0000 318.5000 14.98995063    09
STARLINK-D-25-18
1 70519U 26001A   26200.00000000  .00000000  00000-0  00000-0 0  9991
2 70519  70.0000 250.0000 0001000   0.0000 336.5000 14.98995063    00
STARLINK-D-25-19
1 70520U 26001A   26200.00000000  .00000000  00000-0  00000-0 0  9993
2 70520  70.0000 250.0000 0001000   0.0000 354.5000 14.98995063    02
STARLINK-D-26-00
1 70521U 26001A   26200.00000000  .00000000  00000-0  00000-0 0  9994
2 70521  70.0000 260.0000 0001000   0.0000  13.0000 14.98995063    01
STARLINK-D-26-01
1 70522U 26001A   26200.00000000  .00000000  00000-0  00000-0 0  9995
2 70522  70.0000 260.0000 0001000   0.0000  31.0000 14.98995063    02
STARLINK-D-26-02
1 70523U 26001A   26200.00000000  .00000000  00000-0  00000-0 0  9996
2 70523  70.0000 260.0000 0001000   0.0000  49.0000 14.98995063    02
STARLINK-D-26-03
1 70524U 26001A   26200.00000000  .00000000  00000-0  00000-0 0  9997
2 70524  70.0000 260.0000 0001000   0.0000  67.0000 14.98995063    03
STARLINK-D-26-04
1 70525U 26001A   26200.00000000  .00000000  00000-0  00000-0 0  9998
2 70525  70.0000 260.0000 0001000   0.0000  85.0000 14.98995063    04
STARLINK-D-26-05
1 70526U 26001A   26200.00000000  .00000000  00000-0  00000-0 0  9999
2 70526  70.0000 260.0000 0001000   0.0000 103.0000 14.98995063    06
STARLINK-D-26-06
1 70527U 26001A   26200.00000000  .00000000  00000-0  00000-0 0  9990
2 70527  70.0000 260.0000 0001000   0.0000 121.0000 14.98995063    07
STARLINK-D-26-07
1 70528U 26001A   26200.00000000  .00000000  00000-0  00000-0 0  9991
2 70528  70.0000 260.0000 0001000   0.0000 139.0000 14.98995063    07
STARLINK-D-26-08
1 70529U 26001A   26200.00000000  .00000000  00000-0  00000-0 0  9992
2 70529  70.0000 260.0000 0001000   0.0000 157.0000 14.98995063    08
STARLINK-D-26-09
1 70530U 26001A   26200.00000000  .00000000  00000-0  00000-0 0  9994
2 70530  70.0000 260.0000 0001000   0.0000 175.0000 14.98995063    00
STARLINK-D-26-10
1 70531U 26001A   26200.00000000  .00000000  00000-0  00000-0 0  9995
2 70531  70.0000 260.0000 0001000   0.0000 193.0000 14.98995063    01
STARLINK-D-26-11
1 70532U 26001A   26200.00000000  .00000000  00000-0  00000-0 0  9996
2 70532  70.0000 260.0000 0001000   0.0000 211.0000 14.98995063    03
STARLINK-D-26-12
1 70533U 26001A   26200.00000000  .00000000  00000-0  00000-0 0  9997
2 70533  70.0000 260.0000 0001000   0.0000 229.0000 14.98995063    03
STARLINK-D-26-13
1 70534U 26001A   26200.00000000  .00000000  00000-0  00000-0 0  9998
2 70534  70.0000 260.0000 0001000   0.0000 247.0000 14.98995063    04
STARLINK-D-26-14
1 70535U 26001A   26200.00000000  .00000000  00000-0  00000-0 0  9999
2 70535  70.0000 260.0000 0001000   0.0000 265.0000 14.98995063    05
STARLINK-D-26-15
1 70536U 26001A   26200.00000000  .00000000  00000-0  00000-0 0  9990
2 70536  70.0000 260.0000 0001000   0.0000 283.0000 14.98995063    06
STARLINK-D-26-16
1 70537U 26001A   26200.00000000  .00000000  00000-0  00000-0 0  9991
2 70537  70.0000 260.0000 0001000   0.0000 301.0000 14.98995063    08
STARLINK-D-26-17
1 70538U 26001A   26200.00000000  .00000000  00000-0  00000-0 0  9992
2 70538  70.0000 260.0000 0001000   0.0000 319.0000 14.98995063    08
STARLINK-D-26-18
1 70539U 26001A   26200.00000000  .00000000  00000-0  00000-0 0  9993
2 70539  70.0000 260.0000 0001000   0.0000 337.0000 14.98995063    09
STARLINK-D-26-19
1 70540U 26001A   26200.00000000  .00000000  00000-0  00000-0 0  9995
2 70540  70.0000 260.0000 0001000   0.0000 355.0000 14.98995063    01
STARLINK-D-27-00
1 70541U 26001A   26200.00000000  .00000000  00000-0  00000-0 0  9996
2 70541  70.0000 270.0000 0001000   0.0000  13.5000 14.98995063    09
STARLINK-D-27-01
1 70542U 26001A   26200.00000000  .00000000  00000-0  00000-0 0  9997
2 70542  70.0000 270.0000 0001000   0.0000  31.5000 14.98995063    00
STARLINK-D-27-02
1 70543U 26001A   26200.00000000  .00000000  00000-0  00000-0 0  9998
2 70543  70.0000 270.0000 0001000   0.0000  49.5000 14.98995063    00
STARLINK-D-27-03
1 70544U 26001A   26200.00000000  .00000000  00000-0  00000-0 0  9999
2 70544  70.0000 270.0000 0001000   0.0000  67.5000 14.98995063    01
STARLINK-D-27-04
1 70545U 26001A   26200.00000000  .00000000  00000-0  00000-0 0  9990
2 70545  70.0000 270.0000 0001000   0.0000  85.5000 14.98995063    02
STARLINK-D-27-05
1 70546U 26001A   26200.00000000  .00000000  00000-0  00000-0 0  9991
2 70546  70.0000 270.0000 0001000   0.0000 103.5000 14.98995063    04
STARLINK-D-27-06
1 70547U 26001A   26200.00000000  .00000000  00000-0  00000-0 0  9992
2 70547  70.0000 270.0000 0001000   0.0000 121.5000 14.98995063    05
STARLINK-D-27-07
1 70548U 26001A   26200.00000000  .00000000  00000-0  00000-0 0  9993
2 70548  70.0000 270.0000 0001000   0.0000 139.5000 14.98995063    05
STARLINK-D-27-08
1 70549U 26001A   26200.00000000  .00000000  00000-0  00000-0 0  9994
2 70549  70.0000 270.0000 0001000   0.0000 157.5000 14.98995063    06
STARLINK-D-27-09
1 70550U 26001A   26200.00000000  .00000000  00000-0  00000-0 0  9996
2 70550  70.0000 270.0000 0001000   0.0000 175.5000 14.98995063    08
STARLINK-D-27-10
1 70551U 26001A   26200.00000000  .00000000  00000-0  00000-0 0  9997
2 70551  70.0000 270.0000 0001000   0.0000 193.5000 14.98995063    09
STARLINK-D-27-11
1 70552U 26001A   26200.00000000  .00000000  00000-0  00000-0 0  9998
2 70552  70.0000 270.0000 0001000   0.0000 211.5000 14.98995063    01
STARLINK-D-27-12
1 70553U 26001A   26200.00000000  .00000000  00000-0  00000-0 0  9999
2 70553  70.0000 270.0000 0001000   0.0000 229.5000 14.98995063    01
STARLINK-D-27-13
1 70554U 26001A   26200.00000000  .00000000  00000-0  00000-0 0  9990
2 70554  70.0000 270.0000 0001000   0.0000 247.5000 14.98995063    02
STARLINK-D-27-14
1 70555U 26001A   26200.00000000  .00000000  00000-0  00000-0 0  9991
2 70555  70.0000 270.0000 0001000   0.0000 265.5000 14.98995063    03
STARLINK-D-27-15
1 70556U 26001A   26200.00000000  .00000000  00000-0  00000-0 0  9992
2 70556  70.0000 270.0000 0001000   0.0000 283.5000 14.98995063    04
STARLINK-D-27-16
1 70557U 26001A   26200.00000000  .00000000  00000-0  00000-0 0  9993
2 70557  70.0000 270.0000 0001000   0.0000 301.5000 14.98995063    06
STARLINK-D-27-17
1 70558U 26001A   26200.00000000  .00000000  00000-0  00000-0 0  9994
2 70558  70.0000 270.0000 0001000   0.0000 319.5000 14.98995063    06
STARLINK-D-27-18
1 70559U 26001A   26200.00000000  .00000000  00000-0  00000-0 0  9995
2 70559  70.0000 270.0000 0001000   0.0000 337.5000 14.98995063    07
STARLINK-D-27-19
1 70560U 26001A   26200.00000000  .00000000  00000-0  00000-0 0  9997
2 70560  70.0000 270.0000 0001000   0.0000 355.5000 14.98995063    09
STARLINK-D-28-00
1 70561U 26001A   26200.00000000  .00000000  00000-0  00000-0 0  9998
2 70561  70.0000 280.0000 0001000   0.0000  14.0000 14.98995063    08
STARLINK-D-28-01
1 70562U 26001A   26200.00000000  .00000000  00000-0  00000-0 0  9999
2 70562  70.0000 280.0000 0001000   0.0000  32.0000 14.98995063    09
STARLINK-D-28-02
1 70563U 26001A   26200.00000000  .00000000  00000-0  00000-0 0  9990
2 70563  70.0000 280.0000 0001000   0.0000  50.0000 14.98995063    00
STARLINK-D-28-03
1 70564U 26001A   26200.00000000  .00000000  00000-0  00000-0 0  9991
2 70564  70.0000 280.0000 0001000   0.0000  68.0000 14.98995063    00
STARLINK-D-28-04
1 70565U 26001A   26200.00000000  .00000000  00000-0  00000-0 0  9992
2 70565  70.0000 280.0000 0001000   0.0000  86.0000 14.98995063    01
STARLINK-D-28-05
1 70566U 26001A   26200.00000000  .00000000  00000-0  00000-0 0  9993
2 70566  70.0000 280.0000 0001000   0.0000 104.0000 14.98995063    03
STARLINK-D-28-06
1 70567U 26001A   26200.00000000  .00000000  00000-0  00000-0 0  9994
2 70567  70.0000 280.0000 0001000   0.0000 122.0000 14.98995063    04
STARLINK-D-28-07
1 70568U 26001A   26200.00000000  .00000000  00000-0  00000-0 0  9995
2 70568  70.0000 280.0000 0001000   0.0000 140.0000 14.98995063    05
STARLINK-D-28-08
1 70569U 26001A   26200.00000000  .00000000  00000-0  00000-0 0  9996
2 70569  70.0000 280.0000 0001000   0.0000 158.0000 14.98995063    05
STARLINK-D-28-09
1 70570U 26001A   26200.00000000  .00000000  00000-0  00000-0 0  9998
2 70570  70.0000 280.0000 0001000   0.0000 176.0000 14.98995063    07
STARLINK-D-28-10
1 70571U 26001A   26200.00000000  .00000000  00000-0  00000-0 0  9999
2 70571  70.0000 280.0000 0001000   0.0000 194.0000 14.98995063    08
STARLINK-D-28-11
1 70572U 26001A   26200.00000000  .00000000  00000-0  00000-0 0  9990
2 70572  70.0000 280.0000 0001000   0.0000 212.0000 14.98995063    00
STARLINK-D-28-12
1 70573U 26001A   26200.00000000  .00000000  00000-0  00000-0 0  9991
2 70573  70.0000 280.0000 0001000   0.0000 230.0000 14.98995063    01
STARLINK-D-28-13
1 70574U 26001A   26200.00000000  .00000000  00000-0  00000-0 0  9992
2 70574  70.0000 280.0000 0001000   0.0000 248.0000 14.98995063    01
STARLINK-D-28-14
1 70575U 26001A   26200.00000000  .00000000  00000-0  00000-0 0  9993
2 70575  70.0000 280.0000 0001000   0.0000 266.0000 14.98995063    02
STARLINK-D-28-15
1 70576U 26001A   26200.00000000  .00000000  00000-0  00000-0 0  9994
2 70576  70.0000 280.0000 0001000   0.0000 284.0000 14.98995063    03
STARLINK-D-28-16
1 70577U 26001A   26200.00000000  .00000000  00000-0  00000-0 0  9995
2 70577  70.0000 280.0000 0001000   0.0000 302.0000 14.98995063    05
STARLINK-D-28-17
1 70578U 26001A   26200.00000000  .00000000  00000-0  00000-0 0  9996
2 70578  70.0000 280.0000 0001000   0.0000 320.0000 14.98995063    06
STARLINK-D-28-18
1 70579U 26001A   26200.00000000  .00000000  00000-0  00000-0 0  9997
2 70579  70.0000 280.0000 0001000   0.0000 338.0000 14.98995063    06
STARLINK-D-28-19
1 70580U 26001A   26200.00000000  .00000000  00000-0  00000-0 0  9999
2 70580  70.0000 280.0000 0001000   0.0000 356.0000 14.98995063    08
STARLINK-D-29-00
1 70581U 26001A   26200.00000000  .00000000  00000-0  00000-0 0  9990
2 70581  70.0000 290.0000 0001000   0.0000  14.5000 14.98995063    06
STARLINK-D-29-01
1 70582U 26001A   26200.00000000  .00000000  00000-0  00000-0 0  9991
2 70582  70.0000 290.0000 0001000   0.0000  32.5000 14.98995063    07
STARLINK-D-29-02
1 70583U 26001A   26200.00000000  .00000000  00000-0  00000-0 0  9992
2 70583  70.0000 290.0000 0001000   0.0000  50.5000 14.98995063    08
STARLINK-D-29-03
1 70584U 26001A   26200.00000000  .00000000  00000-0  00000-0 0  9993
2 70584  70.0000 290.0000 0001000   0.0000  68.5000 14.98995063    08
STARLINK-D-29-04
1 70585U 26001A   26200.00000000  .00000000  00000-0  00000-0 0  9994
2 70585  70.0000 290.0000 0001000   0.0000  86.5000 14.98995063    09
STARLINK-D-29-05
1 70586U 26001A   26200.00000000  .00000000  00000-0  00000-0 0  9995
2 70586  70.0000 290.0000 0001000   0.0000 104.5000 14.98995063    01
STARLINK-D-29-06
1 70587U 26001A   26200.00000000  .00000000  00000-0  00000-0 0  9996
2 70587  70.0000 290.0000 0001000   0.0000 122.5000 14.98995063    02
STARLINK-D-29-07
1 70588U 26001A   26200.00000000  .00000000  00000-0  00000-0 0  9997
2 70588  70.0000 290.0000 0001000   0.0000 140.5000 14.98995063    03
STARLINK-D-29-08
1 70589U 26001A   26200.00000000  .00000000  00000-0  00000-0 0  9998
2 70589  70.0000 290.0000 0001000   0.0000 158.5000 14.98995063    03
STARLINK-D-29-09
1 70590U 26001A   26200.00000000  .00000000  00000-0  00000-0 0  9990
2 70590  70.0000 290.0000 0001000   0.0000 176.5000 14.98995063    05
STARLINK-D-29-10
1 70591U 26001A   26200.00000000  .00000000  00000-0  00000-0 0  9991
2 70591  70.0000 290.0000 0001000   0.0000 194.5000 14.98995063    06
STARLINK-D-29-11
1 70592U 26001A   26200.00000000  .00000000  00000-0  00000-0 0  9992
2 70592  70.0000 290.0000 0001000   0.0000 212.5000 14.98995063    08
STARLINK-D-29-12
1 70593U 26001A   26200.00000000  .00000000  00000-0  00000-0 0  9993
2 70593  70.0000 290.0000 0001000   0.0000 230.5000 14.98995063    09
STARLINK-D-29-13
1 70594U 26001A   26200.00000000  .00000000  00000-0  00000-0 0  9994
2 70594  70.0000 290.0000 0001000   0.0000 248.5000 14.98995063    09
STARLINK-D-29-14
1 70595U 26001A   26200.00000000  .00000000  00000-0  00000-0 0  9995
2 70595  70.0000 290.0000 0001000   0.0000 266.5000 14.98995063    00
STARLINK-D-29-15
1 70596U 26001A   26200.00000000  .00000000  00000-0  00000-0 0  9996
2 70596  70.0000 290.0000 0001000   0.0000 284.5000 14.98995063    01
STARLINK-D-29-16
1 70597U 26001A   26200.00000000  .00000000  00000-0  00000-0 0  9997
2 70597  70.0000 290.0000 0001000   0.0000 302.5000 14.98995063    03
STARLINK-D-29-17
1 70598U 26001A   26200.00000000  .00000000  00000-0  00000-0 0  9998
2 70598  70.0000 290.0000 0001000   0.0000 320.5000 14.98995063    04
STARLINK-D-29-18
1 70599U 26001A   26200.00000000  .00000000  00000-0  00000-0 0  9999
2 70599  70.0000 290.0000 0001000   0.0000 338.5000 14.98995063    04
STARLINK-D-29-19
1 70600U 26001A   26200.00000000  .00000000  00000-0  00000-0 0  9992
2 70600  70.0000 290.0000 0001000   0.0000 356.5000 14.98995063    07
STARLINK-D-30-00
1 70601U 26001A   26200.00000000  .00000000  00000-0  00000-0 0  9993
2 70601  70.0000 300.0000 0001000   0.0000  15.0000 14.98995063    07
STARLINK-D-30-01
1 70602U 26001A   26200.00000000  .00000000  00000-0  00000-0 0  9994
2 70602  70.0000 300.0000 0001000   0.0000  33.0000 14.98995063    08
STARLINK-D-30-02
1 70603U 26001A   26200.00000000  .00000000  00000-0  00000-0 0  9995
2 70603  70.0000 300.0000 0001000   0.0000  51.0000 14.98995063    09
STARLINK-D-30-03
1 70604U 26001A   26200.00000000  .00000000  00000-0  00000-0 0  9996
2 70604  70.0000 300.0000 0001000   0.0000  69.0000 14.98995063    09
STARLINK-D-30-04
1 70605U 26001A   26200.00000000  .00000000  00000-0  00000-0 0  9997
2 70605  70.0000 300.0000 0001000   0.0000  87.0000 14.98995063    00
STARLINK-D-30-05
1 70606U 26001A   26200.00000000  .00000000  00000-0  00000-0 0  9998
2 70606  70.0000 300.0000 0001000   0.0000 105.0000 14.98995063    02
STARLINK-D-30-06
1 70607U 26001A   26200.00000000  .00000000  00000-0  00000-0 0  9999
2 70607  70.0000 300.0000 0001000   0.0000 123.0000 14.98995063    03
STARLINK-D-30-07
1 70608U 26001A   26200.00000000  .00000000  00000-0  00000-0 0  9990
2 70608  70.0000 300.0000 0001000   0.0000 141.0000 14.98995063    04
STARLINK-D-30-08
1 70609U 26001A   26200.00000000  .00000000  00000-0  00000-0 0  9991
2 70609  70.0000 300.0000 0001000   0.0000 159.0000 14.98995063    04
STARLINK-D-30-09
1 70610U 26001A   26200.00000000  .00000000  00000-0  00000-0 0  9993
2 70610  70.0000 300.0000 0001000   0.0000 177.0000 14.98995063    06
STARLINK-D-30-10
1 70611U 26001A   26200.00000000  .00000000  00000-0  00000-0 0  9994
2 70611  70.0000 300.0000 0001000   0.0000 195.0000 14.98995063    07
STARLINK-D-30-11
1 70612U 26001A   26200.00000000  .00000000  00000-0  00000-0 0  9995
2 70612  70.0000 300.0000 0001000   0.0000 213.0000 14.98995063    09
STARLINK-D-30-12
1 70613U 26001A   26200.00000000  .00000000  00000-0  00000-0 0  9996
2 70613  70.0000 300.0000 0001000   0.0000 231.0000 14.98995063    00
STARLINK-D-30-13
1 70614U 26001A   26200.00000000  .00000000  00000-0  00000-0 0  9997
2 70614  70.0000 300.0000 0001000   0.0000 249.0000 14.98995063    00
STARLINK-D-30-14
1 70615U 26001A   26200.00000000  .00000000  00000-0  00000-0 0  9998
2 70615  70.0000 300.0000 0001000   0.0000 267.0000 14.98995063    01
STARLINK-D-30-15
1 70616U 26001A   26200.00000000  .00000000  00000-0  00000-0 0  9999
2 70616  70.0000 300.0000 0001000   0.0000 285.0000 14.98995063    02
STARLINK-D-30-16
1 70617U 26001A   26200.00000000  .00000000  00000-0  00000-0 0  9990
2 70617  70.0000 300.0000 0001000   0.0000 303.0000 14.98995063    04
STARLINK-D-30-17
1 70618U 26001A   26200.00000000  .00000000  00000-0  00000-0 0  9991
2 70618  70.0000 300.0000 0001000   0.0000 321.0000 14.98995063    05
STARLINK-D-30-18
1 70619U 26001A   26200.00000000  .00000000  00000-0  00000-0 0  9992
2 70619  70.0000 300.0000 0001000   0.0000 339.0000 14.98995063    05
STARLINK-D-30-19
1 70620U 26001A   26200.00000000  .00000000  00000-0  00000-0 0  9994
2 70620  70.0000 300.0000 0001000   0.0000 357.0000 14.98995063    07
STARLINK-D-31-00
1 70621U 26001A   26200.00000000  .00000000  00000-0  00000-0 0  9995
2 70621  70.0000 310.0000 0001000   0.0000  15.5000 14.98995063    05
STARLINK-D-31-01
1 70622U 26001A   26200.00000000  .00000000  00000-0  00000-0 0  9996
2 70622  70.0000 310.0000 0001000   0.0000  33.5000 14.98995063    06
STARLINK-D-31-02
1 70623U 26001A   26200.00000000  .00000000  00000-0  00000-0 0  9997
2 70623  70.0000 310.0000 0001000   0.0000  51.5000 14.98995063    07
STARLINK-D-31-03
1 70624U 26001A   26200.00000000  .00000000  00000-0  00000-0 0  9998
2 70624  70.0000 310.0000 0001000   0.0000  69.5000 14.98995063    07
STARLINK-D-31-04
1 70625U 26001A   26200.00000000  .00000000  00000-0  00000-0 0  9999
2 70625  70.0000 310.0000 0001000   0.0000  87.5000 14.98995063    08
STARLINK-D-31-05
1 70626U 26001A   26200.00000000  .00000000  00000-0  00000-0 0  9990
2 70626  70.0000 310.0000 0001000   0.0000 105.5000 14.98995063    00
STARLINK-D-31-06
1 70627U 26001A   26200.00000000  .00000000  00000-0  00000-0 0  9991
2 70627  70.0000 310.0000 0001000   0.0000 123.5000 14.98995063    01
STARLINK-D-31-07
1 70628U 26001A   26200.00000000  .00000000  00000-0  00000-0 0  9992
2 70628  70.0000 310.0000 0001000   0.0000 141.5000 14.98995063    02
STARLINK-D-31-08
1 70629U 26001A   26200.00000000  .00000000  00000-0  00000-0 0  9993
2 70629  70.0000 310.0000 0001000   0.0000 159.5000 14.98995063    02
STARLINK-D-31-09
1 70630U 26001A   26200.00000000  .00000000  00000-0  00000-0 0  9995
2 70630  70.0000 310.0000 0001000   0.0000 177.5000 14.98995063    04
STARLINK-D-31-10
1 70631U 26001A   26200.00000000  .00000000  00000-0  00000-0 0  9996
2 70631  70.0000 310.0000 0001000   0.0000 195.5000 14.98995063    05
STARLINK-D-31-11
1 70632U 26001A   26200.00000000  .00000000  00000-0  00000-0 0  9997
2 70632  70.0000 310.0000 0001000   0.0000 213.5000 14.98995063    07
STARLINK-D-31-12
1 70633U 26001A   26200.00000000  .00000000  00000-0  00000-0 0  9998
2 70633  70.0000 310.0000 0001000   0.0000 231.5000 14.98995063    08
STARLINK-D-31-13
1 70634U 26001A   26200.00000000  .00000000  00000-0  00000-0 0  9999
2 70634  70.0000 310.0000 0001000   0.0000 249.5000 14.98995063    08
STARLINK-D-31-14
1 70635U 26001A   26200.00000000  .00000000  00000-0  00000-0 0  9990
2 70635  70.0000 310.0000 0001000   0.0000 267.5000 14.98995063    09
STARLINK-D-31-15
1 70636U 26001A   26200.00000000  .00000000  00000-0  00000-0 0  9991
2 70636  70.0000 310.0000 0001000   0.0000 285.5000 14.98995063    00
STARLINK-D-31-16
1 70637U 26001A   26200.00000000  .00000000  00000-0  00000-0 0  9992
2 70637  70.0000 310.0000 0001000   0.0000 303.5000 14.98995063    02
STARLINK-D-31-17
1 70638U 26001A   26200.00000000  .00000000  00000-0  00000-0 0  9993
2 70638  70.0000 310.0000 0001000   0.0000 321.5000 14.98995063    03
STARLINK-D-31-18
1 70639U 26001A   26200.00000000  .00000000  00000-0  00000-0 0  9994
2 70639  70.0000 310.0000 0001000   0.0000 339.5000 14.98995063    03
STARLINK-D-31-19
1 70640U 26001A   26200.00000000  .00000000  00000-0  00000-0 0  9996
2 70640  70.0000 310.0000 0001000   0.0000 357.5000 14.98995063    05
STARLINK-D-32-00
1 70641U 26001A   26200.00000000  .00000000  00000-0  00000-0 0  9997
2 70641  70.0000 320.0000 0001000   0.0000  16.0000 14.98995063    04
STARLINK-D-32-01
1 70642U 26001A   26200.00000000  .00000000  00000-0  00000-0 0  9998
2 70642  70.0000 320.0000 0001000   0.0000  34.0000 14.98995063    05
STARLINK-D-32-02
1 70643U 26001A   26200.00000000  .00000000  00000-0  00000-0 0  9999
2 70643  70.0000 320.0000 0001000   0.0000  52.0000 14.98995063    06
STARLINK-D-32-03
1 70644U 26001A   26200.00000000  .00000000  00000-0  00000-0 0  9990
2 70644  70.0000 320.0000 0001000   0.0000  70.0000 14.98995063    07
STARLINK-D-32-04
1 70645U 26001A   26200.00000000  .00000000  00000-0  00000-0 0  9991
2 70645  70.0000 320.0000 0001000   0.0000  88.0000 14.98995063    07
STARLINK-D-32-05
1 70646U 26001A   26200.00000000  .00000000  00000-0  00000-0 0  9992
2 70646  70.0000 320.0000 0001000   0.0000 106.0000 14.98995063    09
STARLINK-D-32-06
1 70647U 26001A   26200.00000000  .00000000  00000-0  00000-0 0  9993
2 70647  70.0000 320.0000 0001000   0.0000 124.0000 14.98995063    00
STARLINK-D-32-07
1 70648U 26001A   26200.00000000  .00000000  00000-0  00000-0 0  9994
2 70648  70.0000 320.0000 0001000   0.0000 142.0000 14.98995063    01
STARLINK-D-32-08
1 70649U 26001A   26200.00000000  .00000000  00000-0  00000-0 0  9995
2 70649  70.0000 320.0000 0001000   0.0000 160.0000 14.98995063    02
STARLINK-D-32-09
1 70650U 26001A   26200.00000000  .00000000  00000-0  00000-0 0  9997
2 70650  70.0000 320.0000 0001000   0.0000 178.0000 14.98995063    03
STARLINK-D-32-10
1 70651U 26001A   26200.00000000  .00000000  00000-0  00000-0 0  9998
2 70651  70.0000 320.0000 0001000   0.0000 196.0000 14.98995063    04
STARLINK-D-32-11
1 70652U 26001A   26200.00000000  .00000000  00000-0  00000-0 0  9999
2 70652  70.0000 320.0000 0001000   0.0000 214.0000 14.98995063    06
STARLINK-D-32-12
1 70653U 26001A   26200.00000000  .00000000  00000-0  00000-0 0  9990
2 70653  70.0000 320.0000 0001000   0.0000 232.0000 14.98995063    07
STARLINK-D-32-13
1 70654U 26001A   26200.00000000  .00000000  00000-0  00000-0 0  9991
2 70654  70.0000 320.0000 0001000   0.0000 250.0000 14.98995063    08
STARLINK-D-32-14
1 70655U 26001A   26200.00000000  .00000000  00000-0  00000-0 0  9992
2 70655  70.0000 320.0000 0001000   0.0000 268.0000 14.98995063    08
STARLINK-D-32-15
1 70656U 26001A   26200.00000000  .00000000  00000-0  00000-0 0  9993
2 70656  70.0000 320.0000 0001000   0.0000 286.0000 14.98995063    09
STARLINK-D-32-16
1 70657U 26001A   26200.00000000  .00000000  00000-0  00000-0 0  9994
2 70657  70.0000 320.0000 0001000   0.0000 304.0000 14.98995063    01
STARLINK-D-32-17
1 70658U 26001A   26200.00000000  .00000000  00000-0  00000-0 0  9995
2 70658  70.0000 320.0000 0001000   0.0000 322.0000 14.98995063    02
STARLINK-D-32-18
1 70659U 26001A   26200.00000000  .00000000  00000-0  00000-0 0  9996
2 70659  70.0000 320.0000 0001000   0.0000 340.0000 14.98995063    03
STARLINK-D-32-19
1 70660U 26001A   26200.00000000  .00000000  00000-0  00000-0 0  9998
2 70660  70.0000 320.0000 0001000   0.0000 358.0000 14.98995063    04
STARLINK-D-33-00
1 70661U 26001A   26200.00000000  .00000000  00000-0  00000-0 0  9999
2 70661  70.0000 330.0000 0001000   0.0000  16.5000 14.98995063    02
STARLINK-D-33-01
1 70662U 26001A   26200.00000000  .00000000  00000-0  00000-0 0  9990
2 70662  70.0000 330.0000 0001000   0.0000  34.5000 14.98995063    03
STARLINK-D-33-02
1 70663U 26001A   26200.00000000  .00000000  00000-0  00000-0 0  9991
2 70663  70.0000 330.0000 0001000   0.0000  52.5000 14.98995063    04
STARLINK-D-33-03
1 70664U 26001A   26200.00000000  .00000000  00000-0  00000-0 0  9992
2 70664  70.0000 330.0000 0001000   0.0000  70.5000 14.98995063    05
STARLINK-D-33-04
1 70665U 26001A   26200.00000000  .00000000  00000-0  00000-0 0  9993
2 70665  70.0000 330.0000 0001000   0.0000  88.5000 14.98995063    05
STARLINK-D-33-05
1 70666U 26001A   26200.00000000  .00000000  00000-0  00000-0 0  9994
2 70666  70.0000 330.0000 0001000   0.0000 106.5000 14.98995063    07
STARLINK-D-33-06
1 70667U 26001A   26200.00000000  .00000000  00000-0  00000-0 0  9995
2 70667  70.0000 330.0000 0001000   0.0000 124.5000 14.98995063    08
STARLINK-D-33-07
1 70668U 26001A   26200.00000000  .00000000  00000-0  00000-0 0  9996
2 70668  70.0000 330.0000 0001000   0.0000 142.5000 14.98995063    09
STARLINK-D-33-08
1 70669U 26001A   26200.00000000  .00000000  00000-0  00000-0 0  9997
2 70669  70.0000 330.0000 0001000   0.0000 160.5000 14.98995063    00
STARLINK-D-33-09
1 70670U 26001A   26200.00000000  .00000000  00000-0  00000-0 0  9999
2 70670  70.0000 330.0000 0001000   0.0000 178.5000 14.98995063    01
STARLINK-D-33-10
1 70671U 26001A   26200.00000000  .00000000  00000-0  00000-0 0  9990
2 70671  70.0000 330.0000 0001000   0.0000 196.5000 14.98995063    02
STARLINK-D-33-11
1 70672U 26001A   26200.00000000  .00000000  00000-0  00000-0 0  9991
2 70672  70.0000 330.0000 0001000   0.0000 214.5000 14.98995063    04
STARLINK-D-33-12
1 70673U 26001A   26200.00000000  .00000000  00000-0  00000-0 0  9992
2 70673  70.0000 330.0000 0001000   0.0000 232.5000 14.98995063    05
STARLINK-D-33-13
1 70674U 26001A   26200.00000000  .00000000  00000-0  00000-0 0  9993
2 70674  70.0000 330.0000 0001000   0.0000 250.5000 14.98995063    06
STARLINK-D-33-14
1 70675U 26001A   26200.00000000  .00000000  00000-0  00000-0 0  9994
2 70675  70.0000 330.0000 0001000   0.0000 268.5000 14.98995063    06
STARLINK-D-33-15
1 70676U 26001A   26200.00000000  .00000000  00000-0  00000-0 0  9995
2 70676  70.0000 330.0000 0001000   0.0000 286.5000 14.98995063    07
STARLINK-D-33-16
1 70677U 26001A   26200.00000000  .00000000  00000-0  00000-0 0  9996
2 70677  70.0000 330.0000 0001000   0.0000 304.5000 14.98995063    09
STARLINK-D-33-17
1 70678U 26001A   26200.00000000  .00000000  00000-0  00000-0 0  9997
2 70678  70.0000 330.0000 0001000   0.0000 322.5000 14.98995063    00
STARLINK-D-33-18
1 70679U 26001A   26200.00000000  .00000000  00000-0  00000-0 0  9998
2 70679  70.0000 330.0000 0001000   0.0000 340.5000 14.98995063    01
STARLINK-D-33-19
1 70680U 26001A   26200.00000000  .00000000  00000-0  00000-0 0  9990
2 70680  70.0000 330.0000 0001000   0.0000 358.5000 14.98995063    02
STARLINK-D-34-00
1 70681U 26001A   26200.00000000  .00000000  00000-0  00000-0 0  9991
2 70681  70.0000 340.0000 0001000   0.0000  17.0000 14.98995063    01
STARLINK-D-34-01
1 70682U 26001A   26200.00000000  .00000000  00000-0  00000-0 0  9992
2 70682  70.0000 340.0000 0001000   0.0000  35.0000 14.98995063    02
STARLINK-D-34-02
1 70683U 26001A   26200.00000000  .00000000  00000-0  00000-0 0  9993
2 70683  70.0000 340.0000 0001000   0.0000  53.0000 14.98995063    03
STARLINK-D-34-03
1 70684U 26001A   26200.00000000  .00000000  00000-0  00000-0 0  9994
2 70684  70.0000 340.0000 0001000   0.0000  71.0000 14.98995063    04
STARLINK-D-34-04
1 70685U 26001A   26200.00000000  .00000000  00000-0  00000-0 0  9995
2 70685  70.0000 340.0000 0001000   0.0000  89.0000 14.98995063    04
STARLINK-D-34-05
1 70686U 26001A   26200.00000000  .00000000  00000-0  00000-0 0  9996
2 70686  70.0000 340.0000 0001000   0.0000 107.0000 14.98995063    06
STARLINK-D-34-06
1 70687U 26001A   26200.00000000  .00000000  00000-0  00000-0 0  9997
2 70687  70.0000 340.0000 0001000   0.0000 125.0000 14.98995063    07
STARLINK-D-34-07
1 70688U 26001A   26200.00000000  .00000000  00000-0  00000-0 0  9998
2 70688  70.0000 340.0000 0001000   0.0000 143.0000 14.98995063    08
STARLINK-D-34-08
1 70689U 26001A   26200.00000000  .00000000  00000-0  00000-0 0  9999
2 70689  70.0000 340.0000 0001000   0.0000 161.0000 14.98995063    09
STARLINK-D-34-09
1 70690U 26001A   26200.00000000  .00000000  00000-0  00000-0 0  9991
2 70690  70.0000 340.0000 0001000   0.0000 179.0000 14.98995063    00
STARLINK-D-34-10
1 70691U 26001A   26200.00000000  .00000000  00000-0  00000-0 0  9992
2 70691  70.0000 340.0000 0001000   0.0000 197.0000 14.98995063    01
STARLINK-D-34-11
1 70692U 26001A   26200.00000000  .00000000  00000-0  00000-0 0  9993
2 70692  70.0000 340.0000 0001000   0.0000 215.0000 14.98995063    03
STARLINK-D-34-12
1 70693U 26001A   26200.00000000  .00000000  00000-0  00000-0 0  9994
2 70693  70.0000 340.0000 0001000   0.0000 233.0000 14.98995063    04
STARLINK-D-34-13
1 70694U 26001A   26200.00000000  .00000000  00000-0  00000-0 0  9995
2 70694  70.0000 340.0000 0001000   0.0000 251.0000 14.98995063    05
STARLINK-D-34-14
1 70695U 26001A   26200.00000000  .00000000  00000-0  00000-0 0  9996
2 70695  70.0000 340.0000 0001000   0.0000 269.0000 14.98995063    05
STARLINK-D-34-15
1 70696U 26001A   26200.00000000  .00000000  00000-0  00000-0 0  9997
2 70696  70.0000 340.0000 0001000   0.0000 287.0000 14.98995063    06
STARLINK-D-34-16
1 70697U 26001A   26200.00000000  .00000000  00000-0  00000-0 0  9998
2 70697  70.0000 340.0000 0001000   0.0000 305.0000 14.98995063    08
STARLINK-D-34-17
1 70698U 26001A   26200.00000000  .00000000  00000-0  00000-0 0  9999
2 70698  70.0000 340.0000 0001000   0.0000 323.0000 14.98995063    09
STARLINK-D-34-18
1 70699U 26001A   26200.00000000  .00000000  00000-0  00000-0 0  9990
2 70699  70.0000 340.0000 0001000   0.0000 341.0000 14.98995063    00
STARLINK-D-34-19
1 70700U 26001A   26200.00000000  .00000000  00000-0  00000-0 0  9993
2 70700  70.0000 340.0000 0001000   0.0000 359.0000 14.98995063    02
STARLINK-D-35-00
1 70701U 26001A   26200.00000000  .00000000  00000-0  00000-0 0  9994
2 70701  70.0000 350.0000 0001000   0.0000  17.5000 14.98995063    00
STARLINK-D-35-01
1 70702U 26001A   26200.00000000  .00000000  00000-0  00000-0 0  9995
2 70702  70.0000 350.0000 0001000   0.0000  35.5000 14.98995063    01
STARLINK-D-35-02
1 70703U 26001A   26200.00000000  .00000000  00000-0  00000-0 0  9996
2 70703  70.0000 350.0000 0001000   0.0000  53.5000 14.98995063    02
STARLINK-D-35-03
1 70704U 26001A   26200.00000000  .00000000  00000-0  00000-0 0  9997
2 70704  70.0000 350.0000 0001000   0.0000  71.5000 14.98995063    03
STARLINK-D-35-04
1 70705U 26001A   26200.00000000  .00000000  00000-0  00000-0 0  9998
2 70705  70.0000 350.0000 0001000   0.0000  89.5000 14.98995063    03
STARLINK-D-35-05
1 70706U 26001A   26200.00000000  .00000000  00000-0  00000-0 0  9999
2 70706  70.0000 350.0000 0001000   0.0000 107.5000 14.98995063    05
STARLINK-D-35-06
1 70707U 26001A   26200.00000000  .00000000  00000-0  00000-0 0  9990
2 70707  70.0000 350.0000 0001000   0.0000 125.5000 14.98995063    06
STARLINK-D-35-07
1 70708U 26001A   26200.00000000  .00000000  00000-0  00000-0 0  9991
2 70708  70.0000 350.0000 0001000   0.0000 143.5000 14.98995063    07
STARLINK-D-35-08
1 70709U 26001A   26200.00000000  .00000000  00000-0  00000-0 0  9992
2 70709  70.0000 350.0000 0001000   0.0000 161.5000 14.98995063    08
STARLINK-D-35-09
1 70710U 26001A   26200.00000000  .00000000  00000-0  00000-0 0  9994
2 70710  70.0000 350.0000 0001000   0.0000 179.5000 14.98995063    09
STARLINK-D-35-10
1 70711U 26001A   26200.00000000  .00000000  00000-0  00000-0 0  9995
2 70711  70.0000 350.0000 0001000   0.0000 197.5000 14.98995063    00
STARLINK-D-35-11
1 70712U 26001A   26200.00000000  .00000000  00000-0  00000-0 0  9996
2 70712  70.0000 350.0000 0001000   0.0000 215.5000 14.98995063    02
STARLINK-D-35-12
1 70713U 26001A   26200.00000000  .00000000  00000-0  00000-0 0  9997
2 70713  70.0000 350.0000 0001000   0.0000 233.5000 14.98995063    03
STARLINK-D-35-13
1 70714U 26001A   26200.00000000  .00000000  00000-0  00000-0 0  9998
2 70714  70.0000 350.0000 0001000   0.0000 251.5000 14.98995063    04
STARLINK-D-35-14
1 70715U 26001A   26200.00000000  .00000000  00000-0  00000-0 0  9999
2 70715  70.0000 350.0000 0001000   0.0000 269.5000 14.98995063    04
STARLINK-D-35-15
1 70716U 26001A   26200.00000000  .00000000  00000-0  00000-0 0  9990
2 70716  70.0000 350.0000 0001000   0.0000 287.5000 14.98995063    05
STARLINK-D-35-16
1 70717U 26001A   26200.00000000  .00000000  00000-0  00000-0 0  9991
2 70717  70.0000 350.0000 0001000   0.0000 305.5000 14.98995063    07
STARLINK-D-35-17
1 70718U 26001A   26200.00000000  .00000000  00000-0  00000-0 0  9992
2 70718  70.0000 350.0000 0001000   0.0000 323.5000 14.98995063    08
STARLINK-D-35-18
1 70719U 26001A   26200.00000000  .00000000  00000-0  00000-0 0  9993
2 70719  70.0000 350.0000 0001000   0.0000 341.5000 14.98995063    09
STARLINK-D-35-19
1 70720U 26001A   26200.00000000  .00000000  00000-0  00000-0 0  9995
2 70720  70.0000 350.0000 0001000   0.0000 359.5000 14.98995063    00
